Частота,A * B
(kГц),(?)

0.00000000,0.00396047
0.02384186,0.00166300
0.04768372,0.00036484
0.07152557,0.00015145
0.09536743,0.00011659
0.11920929,0.00032129
0.14305115,0.00033295
0.16689301,0.00022546
0.19073486,0.00025465
0.21457672,0.00025524
0.23841858,0.00015919
0.26226044,0.00002943
0.28610229,0.00003663
0.30994415,0.00010883
0.33378601,0.00013231
0.35762787,0.00009082
0.38146973,0.00012698
0.40531158,0.00018609
0.42915344,0.00014212
0.45299530,0.00008757
0.47683716,0.00009043
0.50067902,0.00004112
0.52452087,0.00009841
0.54836273,0.00012098
0.57220459,0.00010441
0.59604645,0.00010889
0.61988831,0.00005809
0.64373016,0.00016668
0.66757202,0.00026526
0.69141388,0.00019652
0.71525574,0.00008325
0.73909760,0.00010862
0.76293945,0.00011844
0.78678131,0.00013871
0.81062317,0.00006780
0.83446503,0.00009597
0.85830688,0.00015652
0.88214874,0.00022145
0.90599060,0.00023987
0.92983246,0.00028977
0.95367432,0.00023580
0.97751617,0.00069502
1.00135803,0.00113610
1.02519989,0.00063142
1.04904175,0.00011107
1.07288361,0.00009109
1.09672546,0.00024101
1.12056732,0.00030286
1.14440918,0.00025970
1.16825104,0.00018128
1.19209290,0.00031500
1.21593475,0.00058511
1.23977661,0.00046005
1.26361847,0.00017799
1.28746033,0.00009386
1.31130219,0.00012421
1.33514404,0.00025145
1.35898590,0.00030394
1.38282776,0.00027111
1.40666962,0.00028272
1.43051147,0.00018319
1.45435333,0.00009357
1.47819519,0.00011369
1.50203705,0.00006074
1.52587891,0.00012592
1.54972076,0.00019039
1.57356262,0.00008139
1.59740448,0.00010158
1.62124634,0.00020859
1.64508820,0.00026371
1.66893005,0.00028187
1.69277191,0.00019300
1.71661377,0.00012670
1.74045563,0.00011256
1.76429749,0.00009330
1.78813934,0.00009195
1.81198120,0.00004697
1.83582306,0.00011102
1.85966492,0.00016145
1.88350677,0.00022161
1.90734863,0.00023069
1.93119049,0.00018458
1.95503235,0.00011363
1.97887421,0.00020982
2.00271606,0.00028127
2.02655792,0.00025226
2.05039978,0.00019394
2.07424164,0.00021845
2.09808350,0.00022295
2.12192535,0.00016597
2.14576721,0.00014343
2.16960907,0.00012840
2.19345093,0.00016231
2.21729279,0.00025622
2.24113464,0.00021262
2.26497650,0.00015844
2.28881836,0.00003330
2.31266022,0.00013128
2.33650208,0.00025221
2.36034393,0.00027785
2.38418579,0.00023531
2.40802765,0.00021286
2.43186951,0.00010289
2.45571136,0.00002801
2.47955322,0.00001551
2.50339508,0.00005477
2.52723694,0.00010283
2.55107880,0.00011835
2.57492065,0.00018324
2.59876251,0.00020878
2.62260437,0.00007992
2.64644623,0.00012593
2.67028809,0.00017468
2.69412994,0.00024669
2.71797180,0.00024845
2.74181366,0.00026263
2.76565552,0.00027288
2.78949738,0.00015560
2.81333923,0.00011074
2.83718109,0.00006158
2.86102295,0.00009298
2.88486481,0.00007399
2.90870667,0.00012101
2.93254852,0.00008176
2.95639038,0.00006815
2.98023224,0.00013542
3.00407410,0.00016582
3.02791595,0.00019950
3.05175781,0.00027087
3.07559967,0.00028778
3.09944153,0.00017215
3.12328339,0.00015403
3.14712524,0.00008901
3.17096710,0.00002624
3.19480896,0.00004320
3.21865082,0.00012662
3.24249268,0.00017221
3.26633453,0.00016829
3.29017639,0.00011179
3.31401825,0.00008237
3.33786011,0.00016698
3.36170197,0.00021840
3.38554382,0.00029581
3.40938568,0.00034309
3.43322754,0.00021723
3.45706940,0.00012035
3.48091125,0.00013819
3.50475311,0.00020197
3.52859497,0.00025494
3.55243683,0.00022511
3.57627869,0.00018551
3.60012054,0.00015781
3.62396240,0.00005660
3.64780426,0.00019032
3.67164612,0.00027185
3.69548798,0.00022428
3.71932983,0.00022364
3.74317169,0.00029426
3.76701355,0.00031853
3.79085541,0.00021013
3.81469727,0.00006824
3.83853912,0.00007231
3.86238098,0.00008713
3.88622284,0.00011441
3.91006470,0.00007148
3.93390656,0.00003162
3.95774841,0.00014817
3.98159027,0.00031650
4.00543213,0.00030076
4.02927399,0.00013479
4.05311584,0.00008098
4.07695770,0.00016676
4.10079956,0.00014014
4.12464142,0.00016018
4.14848328,0.00020267
4.17232513,0.00021018
4.19616699,0.00012048
4.22000885,0.00005460
4.24385071,0.00012727
4.26769257,0.00012257
4.29153442,0.00019001
4.31537628,0.00021166
4.33921814,0.00025397
4.36306000,0.00029531
4.38690186,0.00029906
4.41074371,0.00030297
4.43458557,0.00019520
4.45842743,0.00011732
4.48226929,0.00010211
4.50611115,0.00011602
4.52995300,0.00009226
4.55379486,0.00010100
4.57763672,0.00007546
4.60147858,0.00013008
4.62532043,0.00015373
4.64916229,0.00010135
4.67300415,0.00016301
4.69684601,0.00018778
4.72068787,0.00003814
4.74452972,0.00007950
4.76837158,0.00002014
4.79221344,0.00005189
4.81605530,0.00005086
4.83989716,0.00012441
4.86373901,0.00014898
4.88758087,0.00014140
4.91142273,0.00002964
4.93526459,0.00011180
4.95910645,0.00008408
4.98294830,0.00006828
5.00679016,0.00005497
5.03063202,0.00005196
5.05447388,0.00008525
5.07831573,0.00004891
5.10215759,0.00002036
5.12599945,0.00014764
5.14984131,0.00020540
5.17368317,0.00005632
5.19752502,0.00010790
5.22136688,0.00004407
5.24520874,0.00007983
5.26905060,0.00012373
5.29289246,0.00009961
5.31673431,0.00003738
5.34057617,0.00007153
5.36441803,0.00011798
5.38825989,0.00015594
5.41210175,0.00016601
5.43594360,0.00015960
5.45978546,0.00020766
5.48362732,0.00006906
5.50746918,0.00016539
5.53131104,0.00025838
5.55515289,0.00019721
5.57899475,0.00010430
5.60283661,0.00015791
5.62667847,0.00019328
5.65052032,0.00017032
5.67436218,0.00007959
5.69820404,0.00006699
5.72204590,0.00012303
5.74588776,0.00020357
5.76972961,0.00018266
5.79357147,0.00013963
5.81741333,0.00002743
5.84125519,0.00016568
5.86509705,0.00016348
5.88893890,0.00014989
5.91278076,0.00012101
5.93662262,0.00017276
5.96046448,0.00008598
5.98430634,0.00009931
6.00814819,0.00017116
6.03199005,0.00013222
6.05583191,0.00006196
6.07967377,0.00016759
6.10351563,0.00011945
6.12735748,0.00009723
6.15119934,0.00011805
6.17504120,0.00005611
6.19888306,0.00006249
6.22272491,0.00008398
6.24656677,0.00013362
6.27040863,0.00011335
6.29425049,0.00012345
6.31809235,0.00009169
6.34193420,0.00001920
6.36577606,0.00009428
6.38961792,0.00013905
6.41345978,0.00004096
6.43730164,0.00019684
6.46114349,0.00016391
6.48498535,0.00011706
6.50882721,0.00017046
6.53266907,0.00013728
6.55651093,0.00016880
6.58035278,0.00017811
6.60419464,0.00012014
6.62803650,0.00009549
6.65187836,0.00009773
6.67572021,0.00015602
6.69956207,0.00022332
6.72340393,0.00024042
6.74724579,0.00021598
6.77108765,0.00011252
6.79492950,0.00011920
6.81877136,0.00009570
6.84261322,0.00011691
6.86645508,0.00011021
6.89029694,0.00005921
6.91413879,0.00009209
6.93798065,0.00007362
6.96182251,0.00009815
6.98566437,0.00019078
7.00950623,0.00020984
7.03334808,0.00013207
7.05718994,0.00003416
7.08103180,0.00013529
7.10487366,0.00010948
7.12871552,0.00020082
7.15255737,0.00019089
7.17639923,0.00011711
7.20024109,0.00002755
7.22408295,0.00008373
7.24792480,0.00007162
7.27176666,0.00008924
7.29560852,0.00006441
7.31945038,0.00020804
7.34329224,0.00031554
7.36713409,0.00028679
7.39097595,0.00009287
7.41481781,0.00009538
7.43865967,0.00009981
7.46250153,0.00021397
7.48634338,0.00026499
7.51018524,0.00023440
7.53402710,0.00014621
7.55786896,0.00004698
7.58171082,0.00014501
7.60555267,0.00014638
7.62939453,0.00015480
7.65323639,0.00009331
7.67707825,0.00011200
7.70092010,0.00008533
7.72476196,0.00015611
7.74860382,0.00025008
7.77244568,0.00012897
7.79628754,0.00015256
7.82012939,0.00017980
7.84397125,0.00017529
7.86781311,0.00014804
7.89165497,0.00020260
7.91549683,0.00021227
7.93933868,0.00011887
7.96318054,0.00006869
7.98702240,0.00018194
8.01086426,0.00020217
8.03470612,0.00010213
8.05854797,0.00014568
8.08238983,0.00022604
8.10623169,0.00026052
8.13007355,0.00033801
8.15391541,0.00033564
8.17775726,0.00026358
8.20159912,0.00009805
8.22544098,0.00022959
8.24928284,0.00022497
8.27312469,0.00006979
8.29696655,0.00008422
8.32080841,0.00017102
8.34465027,0.00002712
8.36849213,0.00021014
8.39233398,0.00012508
8.41617584,0.00004225
8.44001770,0.00012665
8.46385956,0.00012723
8.48770142,0.00012746
8.51154327,0.00016351
8.53538513,0.00012510
8.55922699,0.00015378
8.58306885,0.00035692
8.60691071,0.00032564
8.63075256,0.00020868
8.65459442,0.00023010
8.67843628,0.00024179
8.70227814,0.00021038
8.72612000,0.00008361
8.74996185,0.00008169
8.77380371,0.00015648
8.79764557,0.00015119
8.82148743,0.00006299
8.84532928,0.00003450
8.86917114,0.00021944
8.89301300,0.00038700
8.91685486,0.00038975
8.94069672,0.00028211
8.96453857,0.00014972
8.98838043,0.00006393
9.01222229,0.00006465
9.03606415,0.00005064
9.05990601,0.00007838
9.08374786,0.00006888
9.10758972,0.00026061
9.13143158,0.00047106
9.15527344,0.00038435
9.17911530,0.00019697
9.20295715,0.00020812
9.22679901,0.00012467
9.25064087,0.00006068
9.27448273,0.00009043
9.29832458,0.00010506
9.32216644,0.00017280
9.34600830,0.00027694
9.36985016,0.00040397
9.39369202,0.00025824
9.41753387,0.00007867
9.44137573,0.00020328
9.46521759,0.00013759
9.48905945,0.00008792
9.51290131,0.00004644
9.53674316,0.00004535
9.56058502,0.00016692
9.58442688,0.00026086
9.60826874,0.00020492
9.63211060,0.00011114
9.65595245,0.00009621
9.67979431,0.00015166
9.70363617,0.00024282
9.72747803,0.00018251
9.75131989,0.00020320
9.77516174,0.00019645
9.79900360,0.00011533
9.82284546,0.00003089
9.84668732,0.00001991
9.87052917,0.00016561
9.89437103,0.00026802
9.91821289,0.00036537
9.94205475,0.00034554
9.96589661,0.00021060
9.98973846,0.00027670
10.01358032,0.00024634
10.03742218,0.00015352
10.06126404,0.00007811
10.08510590,0.00010774
10.10894775,0.00022533
10.13278961,0.00035012
10.15663147,0.00036516
10.18047333,0.00026788
10.20431519,0.00022062
10.22815704,0.00016260
10.25199890,0.00013464
10.27584076,0.00010302
10.29968262,0.00008493
10.32352448,0.00006598
10.34736633,0.00005854
10.37120819,0.00009455
10.39505005,0.00011012
10.41889191,0.00021665
10.44273376,0.00025844
10.46657562,0.00014685
10.49041748,0.00011428
10.51425934,0.00011981
10.53810120,0.00013562
10.56194305,0.00008907
10.58578491,0.00006864
10.60962677,0.00007781
10.63346863,0.00005589
10.65731049,0.00005029
10.68115234,0.00007481
10.70499420,0.00015683
10.72883606,0.00023439
10.75267792,0.00022363
10.77651978,0.00017567
10.80036163,0.00019356
10.82420349,0.00012788
10.84804535,0.00013200
10.87188721,0.00020802
10.89572906,0.00017786
10.91957092,0.00011014
10.94341278,0.00011244
10.96725464,0.00019390
10.99109650,0.00020050
11.01493835,0.00020789
11.03878021,0.00025482
11.06262207,0.00025603
11.08646393,0.00014329
11.11030579,0.00018083
11.13414764,0.00018564
11.15798950,0.00009275
11.18183136,0.00003350
11.20567322,0.00005094
11.22951508,0.00005384
11.25335693,0.00009955
11.27719879,0.00019887
11.30104065,0.00018942
11.32488251,0.00015131
11.34872437,0.00005852
11.37256622,0.00005071
11.39640808,0.00020934
11.42024994,0.00028662
11.44409180,0.00019395
11.46793365,0.00006837
11.49177551,0.00002175
11.51561737,0.00004879
11.53945923,0.00011041
11.56330109,0.00015344
11.58714294,0.00015263
11.61098480,0.00016131
11.63482666,0.00003254
11.65866852,0.00024729
11.68251038,0.00033234
11.70635223,0.00026593
11.73019409,0.00016823
11.75403595,0.00014102
11.77787781,0.00005909
11.80171967,0.00001980
11.82556152,0.00005133
11.84940338,0.00007651
11.87324524,0.00008192
11.89708710,0.00007151
11.92092896,0.00013590
11.94477081,0.00025766
11.96861267,0.00029764
11.99245453,0.00016467
12.01629639,0.00012606
12.04013824,0.00025655
12.06398010,0.00028964
12.08782196,0.00024016
12.11166382,0.00014357
12.13550568,0.00010338
12.15934753,0.00007436
12.18318939,0.00014183
12.20703125,0.00010467
12.23087311,0.00014912
12.25471497,0.00010094
12.27855682,0.00015160
12.30239868,0.00021735
12.32624054,0.00003531
12.35008240,0.00018716
12.37392426,0.00020758
12.39776611,0.00015220
12.42160797,0.00012019
12.44544983,0.00010061
12.46929169,0.00010278
12.49313354,0.00019037
12.51697540,0.00014772
12.54081726,0.00011833
12.56465912,0.00017514
12.58850098,0.00016839
12.61234283,0.00009384
12.63618469,0.00020830
12.66002655,0.00032200
12.68386841,0.00025373
12.70771027,0.00015710
12.73155212,0.00008465
12.75539398,0.00006587
12.77923584,0.00012649
12.80307770,0.00018583
12.82691956,0.00018624
12.85076141,0.00007987
12.87460327,0.00006932
12.89844513,0.00013102
12.92228699,0.00007130
12.94612885,0.00012848
12.96997070,0.00019304
12.99381256,0.00016372
13.01765442,0.00016809
13.04149628,0.00026403
13.06533813,0.00030558
13.08917999,0.00026112
13.11302185,0.00005866
13.13686371,0.00014955
13.16070557,0.00006570
13.18454742,0.00013415
13.20838928,0.00010649
13.23223114,0.00023603
13.25607300,0.00011710
13.27991486,0.00011151
13.30375671,0.00017229
13.32759857,0.00009288
13.35144043,0.00020328
13.37528229,0.00023902
13.39912415,0.00017910
13.42296600,0.00009791
13.44680786,0.00007249
13.47064972,0.00000576
13.49449158,0.00007147
13.51833344,0.00003436
13.54217529,0.00010398
13.56601715,0.00013586
13.58985901,0.00012831
13.61370087,0.00011164
13.63754272,0.00010463
13.66138458,0.00024788
13.68522644,0.00023264
13.70906830,0.00012630
13.73291016,0.00008285
13.75675201,0.00003976
13.78059387,0.00009481
13.80443573,0.00011664
13.82827759,0.00017185
13.85211945,0.00014460
13.87596130,0.00006020
13.89980316,0.00003494
13.92364502,0.00002425
13.94748688,0.00007818
13.97132874,0.00018543
13.99517059,0.00014499
14.01901245,0.00005488
14.04285431,0.00027134
14.06669617,0.00037941
14.09053802,0.00031395
14.11437988,0.00010213
14.13822174,0.00006828
14.16206360,0.00004860
14.18590546,0.00000562
14.20974731,0.00007926
14.23358917,0.00015826
14.25743103,0.00017684
14.28127289,0.00007396
14.30511475,0.00004692
14.32895660,0.00003849
14.35279846,0.00011055
14.37664032,0.00019825
14.40048218,0.00016955
14.42432404,0.00010342
14.44816589,0.00009656
14.47200775,0.00013452
14.49584961,0.00007500
14.51969147,0.00006711
14.54353333,0.00005927
14.56737518,0.00007194
14.59121704,0.00013553
14.61505890,0.00012079
14.63890076,0.00007497
14.66274261,0.00008574
14.68658447,0.00005014
14.71042633,0.00008402
14.73426819,0.00011529
14.75811005,0.00012007
14.78195190,0.00014783
14.80579376,0.00013849
14.82963562,0.00015417
14.85347748,0.00022310
14.87731934,0.00019199
14.90116119,0.00011169
14.92500305,0.00005032
14.94884491,0.00008214
14.97268677,0.00009853
14.99652863,0.00009987
15.02037048,0.00018537
15.04421234,0.00026259
15.06805420,0.00027506
15.09189606,0.00022001
15.11573792,0.00013743
15.13957977,0.00008602
15.16342163,0.00001959
15.18726349,0.00005833
15.21110535,0.00013647
15.23494720,0.00014876
15.25878906,0.00011930
15.28263092,0.00005640
15.30647278,0.00004123
15.33031464,0.00006592
15.35415649,0.00001490
15.37799835,0.00016748
15.40184021,0.00025002
15.42568207,0.00014769
15.44952393,0.00001406
15.47336578,0.00003634
15.49720764,0.00006240
15.52104950,0.00009450
15.54489136,0.00006537
15.56873322,0.00007670
15.59257507,0.00004894
15.61641693,0.00015043
15.64025879,0.00023139
15.66410065,0.00023398
15.68794250,0.00016246
15.71178436,0.00007475
15.73562622,0.00008232
15.75946808,0.00009329
15.78330994,0.00007678
15.80715179,0.00005598
15.83099365,0.00009504
15.85483551,0.00016038
15.87867737,0.00012303
15.90251923,0.00003941
15.92636108,0.00009289
15.95020294,0.00011324
15.97404480,0.00015507
15.99788666,0.00009308
16.02172852,0.00011499
16.04557037,0.00018731
16.06941223,0.00033058
16.09325409,0.00032567
16.11709595,0.00021909
16.14093781,0.00013060
16.16477966,0.00007254
16.18862152,0.00006139
16.21246338,0.00021004
16.23630524,0.00024388
16.26014709,0.00017955
16.28398895,0.00008441
16.30783081,0.00009177
16.33167267,0.00008812
16.35551453,0.00002700
16.37935638,0.00009013
16.40319824,0.00017988
16.42704010,0.00007551
16.45088196,0.00009751
16.47472382,0.00006738
16.49856567,0.00011628
16.52240753,0.00024731
16.54624939,0.00027889
16.57009125,0.00020842
16.59393311,0.00010260
16.61777496,0.00005578
16.64161682,0.00010653
16.66545868,0.00021154
16.68930054,0.00025339
16.71314240,0.00025287
16.73698425,0.00022291
16.76082611,0.00011670
16.78466797,0.00002671
16.80850983,0.00004339
16.83235168,0.00008228
16.85619354,0.00016050
16.88003540,0.00012295
16.90387726,0.00005923
16.92771912,0.00010887
16.95156097,0.00013757
16.97540283,0.00024823
16.99924469,0.00025946
17.02308655,0.00013198
17.04692841,0.00015857
17.07077026,0.00027488
17.09461212,0.00029620
17.11845398,0.00019729
17.14229584,0.00003326
17.16613770,0.00009754
17.18997955,0.00011259
17.21382141,0.00005600
17.23766327,0.00003288
17.26150513,0.00005774
17.28534698,0.00007734
17.30918884,0.00012794
17.33303070,0.00014409
17.35687256,0.00006143
17.38071442,0.00007671
17.40455627,0.00013347
17.42839813,0.00006465
17.45223999,0.00017285
17.47608185,0.00024743
17.49992371,0.00014897
17.52376556,0.00023010
17.54760742,0.00024286
17.57144928,0.00011712
17.59529114,0.00004593
17.61913300,0.00004585
17.64297485,0.00004490
17.66681671,0.00006541
17.69065857,0.00020426
17.71450043,0.00029409
17.73834229,0.00025151
17.76218414,0.00007813
17.78602600,0.00009942
17.80986786,0.00010818
17.83370972,0.00007642
17.85755157,0.00011714
17.88139343,0.00011038
17.90523529,0.00003808
17.92907715,0.00007671
17.95291901,0.00005825
17.97676086,0.00020581
18.00060272,0.00024825
18.02444458,0.00019754
18.04828644,0.00012923
18.07212830,0.00009208
18.09597015,0.00013074
18.11981201,0.00017591
18.14365387,0.00015224
18.16749573,0.00006256
18.19133759,0.00012336
18.21517944,0.00005788
18.23902130,0.00023128
18.26286316,0.00020128
18.28670502,0.00015663
18.31054688,0.00025541
18.33438873,0.00029182
18.35823059,0.00017806
18.38207245,0.00016640
18.40591431,0.00020199
18.42975616,0.00016636
18.45359802,0.00005378
18.47743988,0.00017014
18.50128174,0.00013022
18.52512360,0.00012831
18.54896545,0.00012237
18.57280731,0.00009723
18.59664917,0.00009859
18.62049103,0.00005364
18.64433289,0.00018209
18.66817474,0.00018769
18.69201660,0.00010766
18.71585846,0.00013738
18.73970032,0.00009265
18.76354218,0.00007663
18.78738403,0.00007069
18.81122589,0.00011370
18.83506775,0.00018544
18.85890961,0.00011213
18.88275146,0.00005880
18.90659332,0.00017787
18.93043518,0.00024225
18.95427704,0.00021953
18.97811890,0.00025565
19.00196075,0.00027616
19.02580261,0.00028366
19.04964447,0.00020388
19.07348633,0.00010862
19.09732819,0.00005246
19.12117004,0.00021877
19.14501190,0.00017740
19.16885376,0.00001803
19.19269562,0.00001341
19.21653748,0.00015378
19.24037933,0.00028130
19.26422119,0.00023143
19.28806305,0.00017760
19.31190491,0.00028025
19.33574677,0.00029369
19.35958862,0.00015507
19.38343048,0.00016467
19.40727234,0.00009068
19.43111420,0.00012808
19.45495605,0.00017446
19.47879791,0.00022618
19.50263977,0.00027921
19.52648163,0.00026032
19.55032349,0.00013619
19.57416534,0.00007829
19.59800720,0.00010506
19.62184906,0.00007077
19.64569092,0.00009873
19.66953278,0.00015215
19.69337463,0.00008589
19.71721649,0.00009167
19.74105835,0.00005723
19.76490021,0.00009510
19.78874207,0.00007663
19.81258392,0.00010370
19.83642578,0.00017729
19.86026764,0.00021443
19.88410950,0.00008096
19.90795135,0.00021319
19.93179321,0.00022652
19.95563507,0.00011725
19.97947693,0.00017247
20.00331879,0.00021418
20.02716064,0.00011998
20.05100250,0.00004911
20.07484436,0.00003589
20.09868622,0.00016203
20.12252808,0.00021543
20.14636993,0.00008957
20.17021179,0.00005038
20.19405365,0.00005553
20.21789551,0.00003695
20.24173737,0.00008378
20.26557922,0.00014619
20.28942108,0.00013899
20.31326294,0.00021420
20.33710480,0.00026438
20.36094666,0.00024818
20.38478851,0.00016687
20.40863037,0.00007654
20.43247223,0.00007144
20.45631409,0.00007753
20.48015594,0.00006565
20.50399780,0.00015276
20.52783966,0.00014055
20.55168152,0.00011907
20.57552338,0.00019886
20.59936523,0.00017443
20.62320709,0.00005678
20.64704895,0.00005149
20.67089081,0.00007725
20.69473267,0.00022607
20.71857452,0.00017686
20.74241638,0.00006846
20.76625824,0.00011321
20.79010010,0.00002637
20.81394196,0.00002649
20.83778381,0.00009461
20.86162567,0.00021566
20.88546753,0.00023043
20.90930939,0.00024007
20.93315125,0.00021297
20.95699310,0.00021882
20.98083496,0.00029357
21.00467682,0.00032575
21.02851868,0.00023697
21.05236053,0.00012232
21.07620239,0.00012650
21.10004425,0.00017670
21.12388611,0.00011957
21.14772797,0.00002578
21.17156982,0.00002707
21.19541168,0.00014497
21.21925354,0.00018660
21.24309540,0.00017867
21.26693726,0.00018625
21.29077911,0.00004838
21.31462097,0.00011983
21.33846283,0.00004820
21.36230469,0.00014878
21.38614655,0.00010994
21.40998840,0.00008619
21.43383026,0.00005315
21.45767212,0.00008523
21.48151398,0.00007627
21.50535583,0.00013645
21.52919769,0.00020501
21.55303955,0.00017102
21.57688141,0.00012770
21.60072327,0.00007837
21.62456512,0.00017753
21.64840698,0.00045580
21.67224884,0.00032384
21.69609070,0.00017964
21.71993256,0.00020504
21.74377441,0.00012340
21.76761627,0.00009478
21.79145813,0.00013242
21.81529999,0.00007973
21.83914185,0.00005174
21.86298370,0.00005364
21.88682556,0.00015175
21.91066742,0.00025758
21.93450928,0.00022466
21.95835114,0.00018280
21.98219299,0.00015465
22.00603485,0.00007849
22.02987671,0.00003261
22.05371857,0.00007500
22.07756042,0.00027911
22.10140228,0.00037270
22.12524414,0.00028815
22.14908600,0.00020116
22.17292786,0.00011598
22.19676971,0.00009759
22.22061157,0.00020546
22.24445343,0.00007922
22.26829529,0.00010904
22.29213715,0.00008212
22.31597900,0.00007700
22.33982086,0.00015502
22.36366272,0.00012536
22.38750458,0.00006885
22.41134644,0.00012524
22.43518829,0.00014046
22.45903015,0.00014842
22.48287201,0.00014363
22.50671387,0.00014625
22.53055573,0.00016764
22.55439758,0.00015696
22.57823944,0.00015377
22.60208130,0.00011995
22.62592316,0.00027801
22.64976501,0.00073217
22.67360687,0.00054825
22.69744873,0.00007507
22.72129059,0.00027943
22.74513245,0.00021971
22.76897430,0.00010856
22.79281616,0.00004649
22.81665802,0.00001647
22.84049988,0.00002262
22.86434174,0.00010984
22.88818359,0.00018839
22.91202545,0.00023490
22.93586731,0.00025078
22.95970917,0.00016550
22.98355103,0.00011719
23.00739288,0.00007577
23.03123474,0.00006956
23.05507660,0.00005263
23.07891846,0.00018822
23.10276031,0.00025614
23.12660217,0.00020427
23.15044403,0.00011191
23.17428589,0.00004319
23.19812775,0.00016626
23.22196960,0.00016864
23.24581146,0.00007042
23.26965332,0.00015222
23.29349518,0.00018112
23.31733704,0.00009346
23.34117889,0.00003407
23.36502075,0.00014297
23.38886261,0.00011761
23.41270447,0.00004313
23.43654633,0.00010519
23.46038818,0.00014344
23.48423004,0.00015651
23.50807190,0.00019146
23.53191376,0.00015379
23.55575562,0.00004592
23.57959747,0.00020329
23.60343933,0.00022001
23.62728119,0.00020535
23.65112305,0.00031950
23.67496490,0.00026820
23.69880676,0.00016183
23.72264862,0.00013238
23.74649048,0.00001419
23.77033234,0.00004906
23.79417419,0.00005189
23.81801605,0.00011543
23.84185791,0.00014130
23.86569977,0.00007875
23.88954163,0.00019338
23.91338348,0.00015051
23.93722534,0.00099658
23.96106720,0.03394344
23.98490906,0.12095090
24.00875092,0.13876740
24.03259277,0.05474913
24.05643463,0.00402728
24.08027649,0.00017046
24.10411835,0.00017859
24.12796021,0.00009431
24.15180206,0.00007955
24.17564392,0.00006160
24.19948578,0.00012195
24.22332764,0.00008374
24.24716949,0.00020418
24.27101135,0.00027327
24.29485321,0.00034690
24.31869507,0.00033531
24.34253693,0.00022683
24.36637878,0.00002250
24.39022064,0.00014070
24.41406250,0.00012193
24.43790436,0.00014318
24.46174622,0.00015115
24.48558807,0.00014319
24.50942993,0.00014005
24.53327179,0.00006925
24.55711365,0.00012067
24.58095551,0.00022166
24.60479736,0.00023200
24.62863922,0.00010158
24.65248108,0.00004884
24.67632294,0.00011360
24.70016479,0.00011442
24.72400665,0.00006799
24.74784851,0.00004844
24.77169037,0.00024685
24.79553223,0.00022152
24.81937408,0.00031213
24.84321594,0.00020731
24.86705780,0.00051116
24.89089966,0.00025163
24.91474152,0.00040984
24.93858337,0.00318484
24.96242523,0.08976606
24.98626709,0.29703860
25.01010895,0.32169160
25.03395081,0.11851120
25.05779266,0.00728853
25.08163452,0.00029467
25.10547638,0.00042917
25.12931824,0.00026998
25.15316010,0.00007563
25.17700195,0.00029893
25.20084381,0.00008250
25.22468567,0.00012003
25.24852753,0.00034903
25.27236938,0.00034311
25.29621124,0.00039319
25.32005310,0.00029189
25.34389496,0.00021066
25.36773682,0.00011399
25.39157867,0.00003607
25.41542053,0.00004611
25.43926239,0.00014362
25.46310425,0.00014036
25.48694611,0.00006347
25.51078796,0.00008543
25.53462982,0.00007025
25.55847168,0.00008198
25.58231354,0.00006141
25.60615540,0.00028563
25.62999725,0.00032514
25.65383911,0.00020278
25.67768097,0.00014111
25.70152283,0.00017489
25.72536469,0.00022688
25.74920654,0.00027842
25.77304840,0.00024419
25.79689026,0.00014707
25.82073212,0.00024536
25.84457397,0.00013335
25.86841583,0.00020341
25.89225769,0.00025179
25.91609955,0.00008766
25.93994141,0.00180099
25.96378326,0.04207499
25.98762512,0.12946330
26.01146698,0.13229990
26.03530884,0.04534835
26.05915070,0.00225496
26.08299255,0.00020687
26.10683441,0.00026263
26.13067627,0.00002701
26.15451813,0.00003574
26.17835999,0.00023618
26.20220184,0.00006336
26.22604370,0.00009211
26.24988556,0.00027196
26.27372742,0.00037150
26.29756927,0.00031959
26.32141113,0.00024271
26.34525299,0.00033502
26.36909485,0.00028289
26.39293671,0.00023833
26.41677856,0.00024489
26.44062042,0.00021653
26.46446228,0.00018751
26.48830414,0.00011157
26.51214600,0.00006775
26.53598785,0.00010208
26.55982971,0.00019989
26.58367157,0.00012054
26.60751343,0.00010507
26.63135529,0.00018309
26.65519714,0.00014060
26.67903900,0.00011473
26.70288086,0.00026688
26.72672272,0.00029161
26.75056458,0.00014257
26.77440643,0.00020479
26.79824829,0.00012565
26.82209015,0.00013751
26.84593201,0.00022841
26.86977386,0.00010814
26.89361572,0.00010628
26.91745758,0.00013930
26.94129944,0.00015141
26.96514130,0.00012645
26.98898315,0.00001944
27.01282501,0.00010078
27.03666687,0.00003741
27.06050873,0.00003794
27.08435059,0.00008979
27.10819244,0.00008285
27.13203430,0.00007906
27.15587616,0.00011132
27.17971802,0.00013277
27.20355988,0.00002235
27.22740173,0.00012570
27.25124359,0.00017362
27.27508545,0.00016950
27.29892731,0.00009934
27.32276917,0.00019001
27.34661102,0.00024341
27.37045288,0.00019831
27.39429474,0.00021640
27.41813660,0.00022350
27.44197845,0.00019137
27.46582031,0.00023770
27.48966217,0.00025490
27.51350403,0.00021209
27.53734589,0.00016933
27.56118774,0.00019959
27.58502960,0.00025144
27.60887146,0.00012857
27.63271332,0.00006894
27.65655518,0.00017229
27.68039703,0.00014197
27.70423889,0.00022752
27.72808075,0.00019477
27.75192261,0.00004839
27.77576447,0.00006641
27.79960632,0.00004407
27.82344818,0.00013416
27.84729004,0.00017076
27.87113190,0.00014921
27.89497375,0.00011233
27.91881561,0.00004928
27.94265747,0.00001580
27.96649933,0.00004217
27.99034119,0.00006734
28.01418304,0.00013089
28.03802490,0.00010142
28.06186676,0.00009209
28.08570862,0.00003992
28.10955048,0.00016265
28.13339233,0.00015941
28.15723419,0.00012094
28.18107605,0.00019691
28.20491791,0.00014647
28.22875977,0.00008193
28.25260162,0.00012960
28.27644348,0.00017450
28.30028534,0.00021478
28.32412720,0.00024688
28.34796906,0.00025901
28.37181091,0.00022921
28.39565277,0.00018074
28.41949463,0.00009437
28.44333649,0.00008843
28.46717834,0.00011485
28.49102020,0.00013758
28.51486206,0.00004606
28.53870392,0.00013958
28.56254578,0.00011198
28.58638763,0.00016985
28.61022949,0.00013545
28.63407135,0.00014369
28.65791321,0.00015860
28.68175507,0.00015936
28.70559692,0.00007984
28.72943878,0.00006283
28.75328064,0.00019580
28.77712250,0.00023286
28.80096436,0.00019385
28.82480621,0.00014488
28.84864807,0.00022530
28.87248993,0.00030080
28.89633179,0.00024010
28.92017365,0.00012942
28.94401550,0.00000425
28.96785736,0.00009720
28.99169922,0.00011414
29.01554108,0.00020776
29.03938293,0.00023070
29.06322479,0.00009406
29.08706665,0.00005294
29.11090851,0.00014915
29.13475037,0.00012440
29.15859222,0.00006093
29.18243408,0.00004911
29.20627594,0.00018709
29.23011780,0.00020535
29.25395966,0.00012540
29.27780151,0.00021155
29.30164337,0.00030106
29.32548523,0.00025275
29.34932709,0.00020481
29.37316895,0.00012066
29.39701080,0.00012639
29.42085266,0.00009786
29.44469452,0.00011058
29.46853638,0.00013957
29.49237823,0.00016741
29.51622009,0.00008918
29.54006195,0.00014313
29.56390381,0.00012802
29.58774567,0.00019083
29.61158752,0.00015738
29.63542938,0.00026043
29.65927124,0.00033473
29.68311310,0.00044664
29.70695496,0.00041740
29.73079681,0.00026128
29.75463867,0.00017606
29.77848053,0.00012082
29.80232239,0.00006402
29.82616425,0.00005716
29.85000610,0.00012861
29.87384796,0.00012554
29.89768982,0.00006320
29.92153168,0.00006007
29.94537354,0.00014772
29.96921539,0.00013920
29.99305725,0.00012352
30.01689911,0.00006139
30.04074097,0.00007905
30.06458282,0.00013978
30.08842468,0.00008286
30.11226654,0.00005932
30.13610840,0.00019615
30.15995026,0.00025489
30.18379211,0.00019144
30.20763397,0.00017893
30.23147583,0.00017067
30.25531769,0.00015277
30.27915955,0.00017354
30.30300140,0.00017494
30.32684326,0.00018451
30.35068512,0.00017016
30.37452698,0.00011467
30.39836884,0.00007110
30.42221069,0.00006244
30.44605255,0.00003293
30.46989441,0.00011822
30.49373627,0.00012906
30.51757813,0.00009812
30.54141998,0.00010481
30.56526184,0.00012632
30.58910370,0.00009036
30.61294556,0.00009982
30.63678741,0.00018039
30.66062927,0.00009713
30.68447113,0.00017531
30.70831299,0.00030674
30.73215485,0.00028171
30.75599670,0.00026907
30.77983856,0.00022773
30.80368042,0.00016215
30.82752228,0.00013950
30.85136414,0.00014861
30.87520599,0.00012442
30.89904785,0.00007438
30.92288971,0.00006218
30.94673157,0.00012460
30.97057343,0.00017423
30.99441528,0.00023253
31.01825714,0.00020467
31.04209900,0.00008083
31.06594086,0.00005609
31.08978271,0.00008543
31.11362457,0.00012413
31.13746643,0.00007059
31.16130829,0.00010546
31.18515015,0.00018060
31.20899200,0.00005732
31.23283386,0.00015826
31.25667572,0.00018529
31.28051758,0.00015239
31.30435944,0.00013072
31.32820129,0.00012879
31.35204315,0.00010610
31.37588501,0.00005951
31.39972687,0.00008594
31.42356873,0.00012199
31.44741058,0.00009953
31.47125244,0.00015427
31.49509430,0.00017925
31.51893616,0.00021567
31.54277802,0.00024698
31.56661987,0.00023907
31.59046173,0.00013920
31.61430359,0.00013841
31.63814545,0.00017087
31.66198730,0.00012793
31.68582916,0.00021391
31.70967102,0.00018257
31.73351288,0.00003584
31.75735474,0.00008365
31.78119659,0.00004853
31.80503845,0.00007323
31.82888031,0.00007637
31.85272217,0.00005028
31.87656403,0.00011494
31.90040588,0.00006696
31.92424774,0.00007404
31.94808960,0.00007581
31.97193146,0.00002729
31.99577332,0.00006688
32.01961517,0.00006766
32.04345703,0.00007660
32.06729889,0.00016563
32.09114075,0.00017522
32.11498260,0.00018018
32.13882446,0.00015338
32.16266632,0.00010480
32.18650818,0.00012842
32.21035004,0.00014354
32.23419189,0.00024558
32.25803375,0.00021522
32.28187561,0.00018665
32.30571747,0.00016269
32.32955933,0.00005501
32.35340118,0.00005041
32.37724304,0.00005828
32.40108490,0.00013837
32.42492676,0.00015527
32.44876862,0.00006254
32.47261047,0.00018201
32.49645233,0.00015989
32.52029419,0.00001708
32.54413605,0.00010062
32.56797791,0.00005946
32.59181976,0.00012522
32.61566162,0.00018743
32.63950348,0.00017385
32.66334534,0.00020698
32.68718719,0.00019183
32.71102905,0.00015729
32.73487091,0.00020327
32.75871277,0.00023301
32.78255463,0.00017563
32.80639648,0.00006068
32.83023834,0.00008785
32.85408020,0.00011206
32.87792206,0.00009038
32.90176392,0.00003584
32.92560577,0.00010975
32.94944763,0.00005224
32.97328949,0.00007382
32.99713135,0.00015648
33.02097321,0.00006148
33.04481506,0.00000799
33.06865692,0.00004263
33.09249878,0.00011566
33.11634064,0.00022521
33.14018250,0.00021768
33.16402435,0.00021052
33.18786621,0.00014003
33.21170807,0.00012443
33.23554993,0.00010999
33.25939178,0.00002772
33.28323364,0.00002309
33.30707550,0.00008960
33.33091736,0.00023040
33.35475922,0.00029407
33.37860107,0.00025424
33.40244293,0.00010520
33.42628479,0.00007838
33.45012665,0.00019833
33.47396851,0.00024167
33.49781036,0.00018511
33.52165222,0.00008979
33.54549408,0.00009424
33.56933594,0.00010271
33.59317780,0.00005349
33.61701965,0.00005215
33.64086151,0.00010592
33.66470337,0.00013314
33.68854523,0.00012943
33.71238708,0.00017406
33.73622894,0.00014954
33.76007080,0.00014514
33.78391266,0.00020075
33.80775452,0.00014384
33.83159637,0.00015270
33.85543823,0.00013703
33.87928009,0.00008262
33.90312195,0.00011243
33.92696381,0.00018732
33.95080566,0.00016110
33.97464752,0.00014668
33.99848938,0.00014857
34.02233124,0.00015358
34.04617310,0.00016315
34.07001495,0.00016082
34.09385681,0.00009258
34.11769867,0.00010395
34.14154053,0.00013110
34.16538239,0.00007449
34.18922424,0.00006287
34.21306610,0.00009591
34.23690796,0.00004380
34.26074982,0.00006714
34.28459167,0.00008102
34.30843353,0.00006471
34.33227539,0.00015076
34.35611725,0.00031987
34.37995911,0.00038675
34.40380096,0.00027792
34.42764282,0.00019444
34.45148468,0.00015771
34.47532654,0.00011988
34.49916840,0.00009527
34.52301025,0.00004275
34.54685211,0.00001949
34.57069397,0.00012264
34.59453583,0.00012907
34.61837769,0.00007632
34.64221954,0.00009051
34.66606140,0.00015632
34.68990326,0.00005144
34.71374512,0.00016118
34.73758698,0.00018088
34.76142883,0.00008001
34.78527069,0.00015990
34.80911255,0.00018382
34.83295441,0.00015669
34.85679626,0.00008132
34.88063812,0.00003920
34.90447998,0.00000974
34.92832184,0.00011308
34.95216370,0.00019612
34.97600555,0.00009671
34.99984741,0.00013428
35.02368927,0.00027352
35.04753113,0.00025669
35.07137299,0.00014972
35.09521484,0.00007119
35.11905670,0.00012300
35.14289856,0.00010285
35.16674042,0.00006817
35.19058228,0.00009689
35.21442413,0.00013191
35.23826599,0.00009670
35.26210785,0.00005834
35.28594971,0.00010432
35.30979156,0.00016375
35.33363342,0.00016682
35.35747528,0.00014254
35.38131714,0.00018628
35.40515900,0.00014337
35.42900085,0.00007465
35.45284271,0.00003838
35.47668457,0.00014003
35.50052643,0.00009711
35.52436829,0.00012555
35.54821014,0.00018842
35.57205200,0.00014920
35.59589386,0.00008383
35.61973572,0.00008047
35.64357758,0.00011252
35.66741943,0.00014042
35.69126129,0.00016044
35.71510315,0.00022218
35.73894501,0.00016512
35.76278687,0.00008185
35.78662872,0.00014580
35.81047058,0.00014287
35.83431244,0.00013937
35.85815430,0.00014390
35.88199615,0.00011123
35.90583801,0.00016907
35.92967987,0.00027668
35.95352173,0.00018023
35.97736359,0.00003011
36.00120544,0.00014385
36.02504730,0.00019045
36.04888916,0.00019315
36.07273102,0.00013579
36.09657288,0.00002809
36.12041473,0.00002271
36.14425659,0.00007457
36.16809845,0.00008562
36.19194031,0.00013433
36.21578217,0.00013755
36.23962402,0.00008992
36.26346588,0.00002128
36.28730774,0.00005997
36.31114960,0.00007256
36.33499146,0.00001935
36.35883331,0.00004687
36.38267517,0.00003893
36.40651703,0.00003140
36.43035889,0.00010952
36.45420074,0.00020198
36.47804260,0.00016175
36.50188446,0.00011574
36.52572632,0.00019881
36.54956818,0.00031128
36.57341003,0.00029936
36.59725189,0.00020020
36.62109375,0.00006034
36.64493561,0.00005066
36.66877747,0.00006453
36.69261932,0.00004185
36.71646118,0.00003818
36.74030304,0.00011923
36.76414490,0.00016927
36.78798676,0.00014772
36.81182861,0.00007351
36.83567047,0.00001911
36.85951233,0.00004192
36.88335419,0.00012471
36.90719604,0.00012034
36.93103790,0.00006350
36.95487976,0.00008036
36.97872162,0.00015538
37.00256348,0.00013110
37.02640533,0.00012537
37.05024719,0.00007902
37.07408905,0.00012024
37.09793091,0.00015885
37.12177277,0.00014339
37.14561462,0.00010416
37.16945648,0.00003960
37.19329834,0.00011271
37.21714020,0.00016486
37.24098206,0.00017420
37.26482391,0.00018983
37.28866577,0.00013236
37.31250763,0.00022115
37.33634949,0.00021751
37.36019135,0.00012364
37.38403320,0.00014193
37.40787506,0.00004600
37.43171692,0.00005443
37.45555878,0.00008665
37.47940063,0.00010809
37.50324249,0.00011659
37.52708435,0.00008601
37.55092621,0.00006417
37.57476807,0.00004477
37.59860992,0.00008350
37.62245178,0.00004032
37.64629364,0.00011737
37.67013550,0.00018542
37.69397736,0.00011982
37.71781921,0.00017317
37.74166107,0.00024904
37.76550293,0.00022988
37.78934479,0.00016552
37.81318665,0.00003797
37.83702850,0.00007004
37.86087036,0.00006107
37.88471222,0.00016066
37.90855408,0.00007104
37.93239594,0.00009527
37.95623779,0.00015129
37.98007965,0.00014440
38.00392151,0.00013597
38.02776337,0.00012369
38.05160522,0.00011872
38.07544708,0.00014312
38.09928894,0.00019249
38.12313080,0.00014495
38.14697266,0.00003100
38.17081451,0.00002479
38.19465637,0.00011964
38.21849823,0.00013889
38.24234009,0.00015674
38.26618195,0.00008322
38.29002380,0.00004148
38.31386566,0.00004922
38.33770752,0.00015877
38.36154938,0.00021796
38.38539124,0.00020238
38.40923309,0.00016544
38.43307495,0.00015470
38.45691681,0.00015665
38.48075867,0.00018159
38.50460052,0.00015755
38.52844238,0.00005206
38.55228424,0.00009708
38.57612610,0.00017214
38.59996796,0.00018149
38.62380981,0.00013059
38.64765167,0.00008238
38.67149353,0.00005645
38.69533539,0.00009337
38.71917725,0.00014826
38.74301910,0.00011190
38.76686096,0.00015071
38.79070282,0.00017078
38.81454468,0.00004120
38.83838654,0.00007000
38.86222839,0.00006682
38.88607025,0.00009877
38.90991211,0.00006333
38.93375397,0.00009427
38.95759583,0.00013036
38.98143768,0.00009585
39.00527954,0.00025283
39.02912140,0.00019686
39.05296326,0.00009091
39.07680511,0.00006815
39.10064697,0.00000276
39.12448883,0.00001043
39.14833069,0.00006711
39.17217255,0.00003515
39.19601440,0.00011945
39.21985626,0.00009351
39.24369812,0.00012129
39.26753998,0.00009002
39.29138184,0.00001955
39.31522369,0.00011973
39.33906555,0.00022946
39.36290741,0.00017090
39.38674927,0.00009393
39.41059113,0.00006170
39.43443298,0.00010895
39.45827484,0.00014005
39.48211670,0.00013606
39.50595856,0.00020465
39.52980042,0.00013321
39.55364227,0.00005355
39.57748413,0.00007234
39.60132599,0.00002289
39.62516785,0.00006983
39.64900970,0.00012391
39.67285156,0.00015166
39.69669342,0.00011897
39.72053528,0.00010432
39.74437714,0.00007892
39.76821899,0.00009599
39.79206085,0.00011189
39.81590271,0.00009584
39.83974457,0.00022527
39.86358643,0.00010071
39.88742828,0.00007920
39.91127014,0.00004701
39.93511200,0.00010027
39.95895386,0.00012776
39.98279572,0.00016047
40.00663757,0.00024395
40.03047943,0.00020060
40.05432129,0.00010000
40.07816315,0.00006204
40.10200500,0.00006556
40.12584686,0.00014442
40.14968872,0.00010568
40.17353058,0.00014628
40.19737244,0.00016762
40.22121429,0.00008772
40.24505615,0.00003602
40.26889801,0.00002494
40.29273987,0.00004810
40.31658173,0.00007692
40.34042358,0.00021162
40.36426544,0.00023463
40.38810730,0.00017387
40.41194916,0.00013525
40.43579102,0.00018686
40.45963287,0.00023663
40.48347473,0.00020515
40.50731659,0.00010597
40.53115845,0.00003029
40.55500031,0.00011038
40.57884216,0.00024227
40.60268402,0.00020347
40.62652588,0.00016715
40.65036774,0.00014876
40.67420959,0.00013337
40.69805145,0.00014346
40.72189331,0.00012267
40.74573517,0.00008970
40.76957703,0.00010104
40.79341888,0.00016132
40.81726074,0.00013683
40.84110260,0.00009158
40.86494446,0.00009224
40.88878632,0.00013534
40.91262817,0.00012302
40.93647003,0.00004028
40.96031189,0.00002355
40.98415375,0.00003903
41.00799561,0.00005783
41.03183746,0.00011812
41.05567932,0.00018192
41.07952118,0.00014294
41.10336304,0.00011860
41.12720490,0.00023715
41.15104675,0.00013006
41.17488861,0.00004337
41.19873047,0.00008074
41.22257233,0.00011046
41.24641418,0.00023571
41.27025604,0.00016977
41.29409790,0.00015718
41.31793976,0.00022227
41.34178162,0.00022793
41.36562347,0.00022428
41.38946533,0.00008999
41.41330719,0.00010691
41.43714905,0.00018738
41.46099091,0.00017495
41.48483276,0.00008899
41.50867462,0.00006787
41.53251648,0.00006610
41.55635834,0.00014603
41.58020020,0.00024121
41.60404205,0.00025999
41.62788391,0.00020107
41.65172577,0.00010973
41.67556763,0.00008207
41.69940948,0.00012239
41.72325134,0.00016232
41.74709320,0.00021037
41.77093506,0.00016876
41.79477692,0.00008311
41.81861877,0.00001633
41.84246063,0.00002954
41.86630249,0.00007324
41.89014435,0.00012482
41.91398621,0.00018177
41.93782806,0.00014415
41.96166992,0.00015527
41.98551178,0.00025306
42.00935364,0.00015629
42.03319550,0.00005553
42.05703735,0.00013912
42.08087921,0.00021823
42.10472107,0.00014475
42.12856293,0.00009692
42.15240479,0.00017121
42.17624664,0.00020413
42.20008850,0.00017452
42.22393036,0.00018389
42.24777222,0.00019790
42.27161407,0.00015813
42.29545593,0.00019130
42.31929779,0.00027852
42.34313965,0.00021985
42.36698151,0.00024414
42.39082336,0.00022465
42.41466522,0.00002301
42.43850708,0.00011326
42.46234894,0.00011339
42.48619080,0.00020301
42.51003265,0.00020280
42.53387451,0.00013927
42.55771637,0.00010144
42.58155823,0.00009264
42.60540009,0.00016072
42.62924194,0.00018677
42.65308380,0.00020426
42.67692566,0.00025188
42.70076752,0.00022481
42.72460938,0.00015612
42.74845123,0.00015026
42.77229309,0.00012047
42.79613495,0.00008559
42.81997681,0.00010190
42.84381866,0.00004756
42.86766052,0.00007920
42.89150238,0.00014817
42.91534424,0.00015183
42.93918610,0.00002521
42.96302795,0.00029842
42.98686981,0.00038504
43.01071167,0.00017791
43.03455353,0.00010851
43.05839539,0.00001301
43.08223724,0.00004837
43.10607910,0.00010948
43.12992096,0.00019414
43.15376282,0.00021314
43.17760468,0.00022936
43.20144653,0.00025108
43.22528839,0.00027776
43.24913025,0.00019205
43.27297211,0.00013057
43.29681396,0.00013858
43.32065582,0.00018691
43.34449768,0.00014211
43.36833954,0.00009881
43.39218140,0.00005504
43.41602325,0.00005636
43.43986511,0.00007823
43.46370697,0.00008990
43.48754883,0.00017026
43.51139069,0.00013454
43.53523254,0.00003717
43.55907440,0.00008558
43.58291626,0.00007396
43.60675812,0.00018101
43.63059998,0.00013889
43.65444183,0.00012420
43.67828369,0.00018603
43.70212555,0.00021675
43.72596741,0.00017473
43.74980927,0.00013347
43.77365112,0.00006191
43.79749298,0.00008579
43.82133484,0.00016829
43.84517670,0.00007044
43.86901855,0.00016871
43.89286041,0.00027454
43.91670227,0.00019026
43.94054413,0.00011598
43.96438599,0.00005183
43.98822784,0.00008954
44.01206970,0.00010366
44.03591156,0.00019862
44.05975342,0.00016266
44.08359528,0.00013349
44.10743713,0.00014167
44.13127899,0.00007515
44.15512085,0.00005341
44.17896271,0.00011948
44.20280457,0.00021898
44.22664642,0.00018521
44.25048828,0.00009808
44.27433014,0.00010072
44.29817200,0.00002989
44.32201385,0.00015837
44.34585571,0.00008727
44.36969757,0.00022524
44.39353943,0.00023323
44.41738129,0.00017887
44.44122314,0.00010309
44.46506500,0.00002335
44.48890686,0.00002064
44.51274872,0.00008287
44.53659058,0.00018932
44.56043243,0.00017674
44.58427429,0.00011644
44.60811615,0.00009056
44.63195801,0.00007527
44.65579987,0.00009653
44.67964172,0.00014377
44.70348358,0.00008273
44.72732544,0.00005336
44.75116730,0.00016956
44.77500916,0.00020022
44.79885101,0.00019503
44.82269287,0.00021403
44.84653473,0.00016748
44.87037659,0.00004278
44.89421844,0.00018972
44.91806030,0.00023517
44.94190216,0.00011594
44.96574402,0.00010700
44.98958588,0.00010146
45.01342773,0.00015967
45.03726959,0.00011601
45.06111145,0.00008443
45.08495331,0.00012409
45.10879517,0.00007431
45.13263702,0.00016832
45.15647888,0.00015067
45.18032074,0.00016132
45.20416260,0.00019123
45.22800446,0.00014756
45.25184631,0.00013521
45.27568817,0.00015761
45.29953003,0.00012509
45.32337189,0.00011703
45.34721375,0.00005571
45.37105560,0.00010285
45.39489746,0.00018987
45.41873932,0.00021608
45.44258118,0.00015270
45.46642303,0.00014793
45.49026489,0.00015527
45.51410675,0.00010992
45.53794861,0.00011567
45.56179047,0.00008232
45.58563232,0.00009218
45.60947418,0.00009436
45.63331604,0.00014585
45.65715790,0.00025076
45.68099976,0.00025954
45.70484161,0.00007059
45.72868347,0.00013716
45.75252533,0.00032660
45.77636719,0.00033066
45.80020905,0.00019256
45.82405090,0.00011015
45.84789276,0.00010366
45.87173462,0.00008153
45.89557648,0.00003899
45.91941833,0.00002362
45.94326019,0.00012865
45.96710205,0.00029797
45.99094391,0.00029146
46.01478577,0.00016773
46.03862762,0.00011686
46.06246948,0.00008269
46.08631134,0.00021175
46.11015320,0.00020225
46.13399506,0.00019786
46.15783691,0.00011121
46.18167877,0.00009438
46.20552063,0.00013652
46.22936249,0.00011547
46.25320435,0.00010969
46.27704620,0.00023151
46.30088806,0.00029727
46.32472992,0.00015412
46.34857178,0.00006156
46.37241364,0.00008346
46.39625549,0.00018058
46.42009735,0.00018398
46.44393921,0.00003474
46.46778107,0.00005798
46.49162292,0.00003067
46.51546478,0.00014034
46.53930664,0.00017834
46.56314850,0.00006175
46.58699036,0.00008441
46.61083221,0.00004245
46.63467407,0.00036133
46.65851593,0.00053169
46.68235779,0.00040097
46.70619965,0.00016076
46.73004150,0.00010784
46.75388336,0.00016353
46.77772522,0.00011553
46.80156708,0.00005373
46.82540894,0.00005007
46.84925079,0.00008785
46.87309265,0.00009328
46.89693451,0.00017839
46.92077637,0.00022095
46.94461823,0.00017281
46.96846008,0.00029083
46.99230194,0.00038841
47.01614380,0.00010070
47.03998566,0.00021165
47.06382751,0.00017505
47.08766937,0.00013987
47.11151123,0.00010466
47.13535309,0.00007112
47.15919495,0.00016679
47.18303680,0.00018867
47.20687866,0.00011823
47.23072052,0.00019658
47.25456238,0.00011430
47.27840424,0.00013166
47.30224609,0.00012144
47.32608795,0.00002280
47.34992981,0.00006920
47.37377167,0.00005852
47.39761353,0.00007814
47.42145538,0.00012033
47.44529724,0.00028282
47.46913910,0.00011274
47.49298096,0.00011676
47.51682281,0.00008530
47.54066467,0.00009730
47.56450653,0.00011775
47.58834839,0.00030635
47.61219025,0.00024355
47.63603210,0.00037969
47.65987396,0.00045695
47.68371582,0.00011549
47.70755768,0.00014024
47.73139954,0.00012929
47.75524139,0.00006634
47.77908325,0.00010245
47.80292511,0.00016972
47.82676697,0.00022515
47.85060883,0.00019943
47.87445068,0.00016458
47.89829254,0.00019453
47.92213440,0.00017204
47.94597626,0.00011094
47.96981812,0.00010537
47.99365997,0.00016589
48.01750183,0.00023297
48.04134369,0.00020262
48.06518555,0.00014587
48.08902740,0.00010495
48.11286926,0.00004906
48.13671112,0.00013403
48.16055298,0.00011648
48.18439484,0.00024334
48.20823669,0.00077434
48.23207855,0.00065973
48.25592041,0.00020338
48.27976227,0.00010568
48.30360413,0.00008850
48.32744598,0.00016574
48.35128784,0.00018944
48.37512970,0.00012405
48.39897156,0.00011233
48.42281342,0.00043872
48.44665527,0.00056789
48.47049713,0.00016589
48.49433899,0.00014940
48.51818085,0.00002264
48.54202271,0.00008732
48.56586456,0.00017028
48.58970642,0.00027320
48.61354828,0.00015835
48.63739014,0.00016473
48.66123199,0.00018615
48.68507385,0.00012500
48.70891571,0.00012387
48.73275757,0.00003394
48.75659943,0.00007601
48.78044128,0.00016986
48.80428314,0.00028685
