Частота,Канал A
(kГц),(В)

0.00000000,0.33845980
0.02384186,0.14243500
0.04768372,0.02300075
0.07152557,0.00074843
0.09536743,0.00064086
0.11920929,0.00059171
0.14305115,0.00056351
0.16689301,0.00043434
0.19073486,0.00039798
0.21457672,0.00039773
0.23841858,0.00027838
0.26226044,0.00032454
0.28610229,0.00090865
0.30994415,0.00147346
0.33378601,0.00328351
0.35762787,0.00360580
0.38146973,0.00172880
0.40531158,0.00109657
0.42915344,0.00084553
0.45299530,0.00054035
0.47683716,0.00031543
0.50067902,0.00021365
0.52452087,0.00012579
0.54836273,0.00027156
0.57220459,0.00049425
0.59604645,0.00090504
0.61988831,0.00194409
0.64373016,0.00428846
0.66757202,0.00391446
0.69141388,0.00222273
0.71525574,0.00139130
0.73909760,0.00057778
0.76293945,0.00021501
0.78678131,0.00008081
0.81062317,0.00017219
0.83446503,0.00041091
0.85830688,0.00060573
0.88214874,0.00070854
0.90599060,0.00089344
0.92983246,0.00107335
0.95367432,0.02394552
0.97751617,0.13471690
1.00135803,0.21339210
1.02519989,0.11973500
1.04904175,0.01759195
1.07288361,0.00044346
1.09672546,0.00049855
1.12056732,0.00065217
1.14440918,0.00067457
1.16825104,0.00062530
1.19209290,0.00067009
1.21593475,0.00062252
1.23977661,0.00050316
1.26361847,0.00035293
1.28746033,0.00011292
1.31130219,0.00077758
1.33514404,0.00216695
1.35898590,0.00224385
1.38282776,0.00132516
1.40666962,0.00095719
1.43051147,0.00085034
1.45435333,0.00069176
1.47819519,0.00049870
1.50203705,0.00034273
1.52587891,0.00024068
1.54972076,0.00014914
1.57356262,0.00019511
1.59740448,0.00059317
1.62124634,0.00177897
1.64508820,0.00386594
1.66893005,0.00334680
1.69277191,0.00241046
1.71661377,0.00163882
1.74045563,0.00086533
1.76429749,0.00058175
1.78813934,0.00034143
1.81198120,0.00017717
1.83582306,0.00025063
1.85966492,0.00026893
1.88350677,0.00037533
1.90734863,0.00084266
1.93119049,0.00113717
1.95503235,0.02414248
1.97887421,0.12452230
2.00271606,0.18600510
2.02655792,0.09817811
2.05039978,0.01288368
2.07424164,0.00020683
2.09808350,0.00010625
2.12192535,0.00031677
2.14576721,0.00042271
2.16960907,0.00047104
2.19345093,0.00065499
2.21729279,0.00074574
2.24113464,0.00080396
2.26497650,0.00090968
2.28881836,0.00099920
2.31266022,0.00101436
2.33650208,0.00047527
2.36034393,0.00021806
2.38418579,0.00044625
2.40802765,0.00047609
2.43186951,0.00059990
2.45571136,0.00062302
2.47955322,0.00059228
2.50339508,0.00062949
2.52723694,0.00058851
2.55107880,0.00041113
2.57492065,0.00027726
2.59876251,0.00024445
2.62260437,0.00104243
2.64644623,0.00244416
2.67028809,0.00222302
2.69412994,0.00215991
2.71797180,0.00158640
2.74181366,0.00102364
2.76565552,0.00069988
2.78949738,0.00053623
2.81333923,0.00034401
2.83718109,0.00019817
2.86102295,0.00020870
2.88486481,0.00017249
2.90870667,0.00064880
2.93254852,0.00103705
2.95639038,0.02180849
2.98023224,0.10326890
3.00407410,0.14558630
3.02791595,0.07241408
3.05175781,0.00855751
3.07559967,0.00056528
3.09944153,0.00042442
3.12328339,0.00014389
3.14712524,0.00027425
3.17096710,0.00032180
3.19480896,0.00049701
3.21865082,0.00065519
3.24249268,0.00077813
3.26633453,0.00103854
3.29017639,0.00168852
3.31401825,0.00191419
3.33786011,0.00181877
3.36170197,0.00153942
3.38554382,0.00050507
3.40938568,0.00034871
3.43322754,0.00045397
3.45706940,0.00044417
3.48091125,0.00052560
3.50475311,0.00060146
3.52859497,0.00053095
3.55243683,0.00060783
3.57627869,0.00061975
3.60012054,0.00045531
3.62396240,0.00037949
3.64780426,0.00039482
3.67164612,0.00077916
3.69548798,0.00127151
3.71932983,0.00108849
3.74317169,0.00086388
3.76701355,0.00078986
3.79085541,0.00066462
3.81469727,0.00055238
3.83853912,0.00043494
3.86238098,0.00032636
3.88622284,0.00010450
3.91006470,0.00016018
3.93390656,0.00051560
3.95774841,0.01681833
3.98159027,0.07364757
4.00543213,0.09797071
4.02927399,0.04577127
4.05311584,0.00473454
4.07695770,0.00087152
4.10079956,0.00063457
4.12464142,0.00028291
4.14848328,0.00022061
4.17232513,0.00018810
4.19616699,0.00031734
4.22000885,0.00045750
4.24385071,0.00077708
4.26769257,0.00123927
4.29153442,0.00209198
4.31537628,0.00243260
4.33921814,0.00343006
4.36306000,0.00293205
4.38690186,0.00104781
4.41074371,0.00039554
4.43458557,0.00011653
4.45842743,0.00016722
4.48226929,0.00039163
4.50611115,0.00052637
4.52995300,0.00057595
4.55379486,0.00062954
4.57763672,0.00076116
4.60147858,0.00098904
4.62532043,0.00143069
4.64916229,0.00202501
4.67300415,0.00144016
4.69684601,0.00040966
4.72068787,0.00036864
4.74452972,0.00033336
4.76837158,0.00058673
4.79221344,0.00067824
4.81605530,0.00061403
4.83989716,0.00057861
4.86373901,0.00049977
4.88758087,0.00043282
4.91142273,0.00031430
4.93526459,0.00017960
4.95910645,0.00979095
4.98294830,0.04003992
5.00679016,0.05034221
5.03063202,0.02212653
5.05447388,0.00212004
5.07831573,0.00091364
5.10215759,0.00081479
5.12599945,0.00060810
5.14984131,0.00041375
5.17368317,0.00017532
5.19752502,0.00006214
5.22136688,0.00017490
5.24520874,0.00045417
5.26905060,0.00092395
5.29289246,0.00192487
5.31673431,0.00256760
5.34057617,0.00417855
5.36441803,0.00342942
5.38825989,0.00133834
5.41210175,0.00066955
5.43594360,0.00034710
5.45978546,0.00021839
5.48362732,0.00025987
5.50746918,0.00031150
5.53131104,0.00046417
5.55515289,0.00075564
5.57899475,0.00090410
5.60283661,0.00109924
5.62667847,0.00228055
5.65052032,0.00373674
5.67436218,0.00243407
5.69820404,0.00095935
5.72204590,0.00053395
5.74588776,0.00029845
5.76972961,0.00035824
5.79357147,0.00041980
5.81741333,0.00051541
5.84125519,0.00055842
5.86509705,0.00053893
5.88893890,0.00061021
5.91278076,0.00065475
5.93662262,0.00060493
5.96046448,0.00216027
5.98430634,0.00766966
6.00814819,0.00904354
6.03199005,0.00389632
6.05583191,0.00091443
6.07967377,0.00074246
6.10351563,0.00055090
6.12735748,0.00054091
6.15119934,0.00046480
6.17504120,0.00040490
6.19888306,0.00037200
6.22272491,0.00028514
6.24656677,0.00019473
6.27040863,0.00055580
6.29425049,0.00139927
6.31809235,0.00204128
6.34193420,0.00371283
6.36577606,0.00300884
6.38961792,0.00133725
6.41345978,0.00087112
6.43730164,0.00062012
6.46114349,0.00047282
6.48498535,0.00031181
6.50882721,0.00014064
6.53266907,0.00013322
6.55651093,0.00033171
6.58035278,0.00070249
6.60419464,0.00117508
6.62803650,0.00297058
6.65187836,0.00477217
6.67572021,0.00309688
6.69956207,0.00180391
6.72340393,0.00085343
6.74724579,0.00033635
6.77108765,0.00017247
6.79492950,0.00027626
6.81877136,0.00034172
6.84261322,0.00048663
6.86645508,0.00066369
6.89029694,0.00074465
6.91413879,0.00098604
6.93798065,0.00121928
6.96182251,0.00571915
6.98566437,0.01916938
7.00950623,0.02156924
7.03334808,0.00841200
7.05718994,0.00091972
7.08103180,0.00047076
7.10487366,0.00052263
7.12871552,0.00079409
7.15255737,0.00080730
7.17639923,0.00057141
7.20024109,0.00055362
7.22408295,0.00054455
7.24792480,0.00029670
7.27176666,0.00020401
7.29560852,0.00031289
7.31945038,0.00141814
7.34329224,0.00274647
7.36713409,0.00214703
7.39097595,0.00113981
7.41481781,0.00084499
7.43865967,0.00068543
7.46250153,0.00047786
7.48634338,0.00039491
7.51018524,0.00031227
7.53402710,0.00017518
7.55786896,0.00020674
7.58171082,0.00048849
7.60555267,0.00097440
7.62939453,0.00286996
7.65323639,0.00460394
7.67707825,0.00303950
7.70092010,0.00211968
7.72476196,0.00118079
7.74860382,0.00068016
7.77244568,0.00041453
7.79628754,0.00027624
7.82012939,0.00019006
7.84397125,0.00021731
7.86781311,0.00040435
7.89165497,0.00056655
7.91549683,0.00088773
7.93933868,0.00146033
7.96318054,0.01136515
7.98702240,0.03637772
8.01086426,0.03855109
8.03470612,0.01382366
8.05854797,0.00084939
8.08238983,0.00004892
8.10623169,0.00013738
8.13007355,0.00034334
8.15391541,0.00048245
8.17775726,0.00052712
8.20159912,0.00070315
8.22544098,0.00072866
8.24928284,0.00077746
8.27312469,0.00092896
8.29696655,0.00085440
8.32080841,0.00073720
8.34465027,0.00069816
8.36849213,0.00062421
8.39233398,0.00058532
8.41617584,0.00062725
8.44001770,0.00067755
8.46385956,0.00062772
8.48770142,0.00051625
8.51154327,0.00044812
8.53538513,0.00037755
8.55922699,0.00034429
8.58306885,0.00027335
8.60691071,0.00057556
8.63075256,0.00214610
8.65459442,0.00329460
8.67843628,0.00238218
8.70227814,0.00213813
8.72612000,0.00130106
8.74996185,0.00093218
8.77380371,0.00063254
8.79764557,0.00033656
8.82148743,0.00025329
8.84532928,0.00012564
8.86917114,0.00026692
8.89301300,0.00042465
8.91685486,0.00068447
8.94069672,0.00146557
8.96453857,0.01420508
8.98838043,0.04257938
9.01222229,0.04269214
9.03606415,0.01442807
9.05990601,0.00104932
9.08374786,0.00044851
9.10758972,0.00041497
9.13143158,0.00034208
9.15527344,0.00032820
9.17911530,0.00034798
9.20295715,0.00056776
9.22679901,0.00071801
9.25064087,0.00087177
9.27448273,0.00114265
9.29832458,0.00171913
9.32216644,0.00155141
9.34600830,0.00137111
9.36985016,0.00082414
9.39369202,0.00036630
9.41753387,0.00042353
9.44137573,0.00050104
9.46521759,0.00064709
9.48905945,0.00066870
9.51290131,0.00057096
9.53674316,0.00051086
9.56058502,0.00048281
9.58442688,0.00050355
9.60826874,0.00045553
9.63211060,0.00074670
9.65595245,0.00106163
9.67979431,0.00119423
9.70363617,0.00139409
9.72747803,0.00098034
9.75131989,0.00083844
9.77516174,0.00077264
9.79900360,0.00065381
9.82284546,0.00049835
9.84668732,0.00031522
9.87052917,0.00015329
9.89437103,0.00008681
9.91821289,0.00028334
9.94205475,0.00117737
9.96589661,0.01367809
9.98973846,0.03824600
10.01358032,0.03623224
10.03742218,0.01151046
10.06126404,0.00119056
10.08510590,0.00061777
10.10894775,0.00037135
10.13278961,0.00013671
10.15663147,0.00007275
10.18047333,0.00015318
10.20431519,0.00038588
10.22815704,0.00063826
10.25199890,0.00090095
10.27584076,0.00139862
10.29968262,0.00226608
10.32352448,0.00238475
10.34736633,0.00304361
10.37120819,0.00186153
10.39505005,0.00055949
10.41889191,0.00021693
10.44273376,0.00024561
10.46657562,0.00036168
10.49041748,0.00048286
10.51425934,0.00059400
10.53810120,0.00074798
10.56194305,0.00081956
10.58578491,0.00078080
10.60962677,0.00078307
10.63346863,0.00116605
10.65731049,0.00147562
10.68115234,0.00090463
10.70499420,0.00049770
10.72883606,0.00055615
10.75267792,0.00063120
10.77651978,0.00067658
10.80036163,0.00060982
10.82420349,0.00062355
10.84804535,0.00061300
10.87188721,0.00052699
10.89572906,0.00050031
10.91957092,0.00039309
10.94341278,0.00050408
10.96725464,0.00971244
10.99109650,0.02568423
11.01493835,0.02305297
11.03878021,0.00683402
11.06262207,0.00112501
11.08646393,0.00085579
11.11030579,0.00065336
11.13414764,0.00049391
11.15798950,0.00036344
11.18183136,0.00022663
11.20567322,0.00021290
11.22951508,0.00036025
11.25335693,0.00056925
11.27719879,0.00128739
11.30104065,0.00236773
11.32488251,0.00284364
11.34872437,0.00398682
11.37256622,0.00244874
11.39640808,0.00091909
11.42024994,0.00036613
11.44409180,0.00011996
11.46793365,0.00007786
11.49177551,0.00027670
11.51561737,0.00042144
11.53945923,0.00052667
11.56330109,0.00071612
11.58714294,0.00095965
11.61098480,0.00134521
11.63482666,0.00290801
11.65866852,0.00358083
11.68251038,0.00169250
11.70635223,0.00057015
11.73019409,0.00031176
11.75403595,0.00041157
11.77787781,0.00050490
11.80171967,0.00044264
11.82556152,0.00056386
11.84940338,0.00066014
11.87324524,0.00058457
11.89708710,0.00050350
11.92092896,0.00059950
11.94477081,0.00039043
11.96861267,0.00382345
11.99245453,0.00907163
12.01629639,0.00767323
12.04013824,0.00230495
12.06398010,0.00080697
12.08782196,0.00066382
12.11166382,0.00073535
12.13550568,0.00064994
12.15934753,0.00047206
12.18318939,0.00033036
12.20703125,0.00023682
12.23087311,0.00016267
12.25471497,0.00024646
12.27855682,0.00093084
12.30239868,0.00180390
12.32624054,0.00282912
12.35008240,0.00396049
12.37392426,0.00235903
12.39776611,0.00109274
12.42160797,0.00070696
12.44544983,0.00049481
12.46929169,0.00032685
12.49313354,0.00018180
12.51697540,0.00017540
12.54081726,0.00036424
12.56465912,0.00054301
12.58850098,0.00079397
12.61234283,0.00156832
12.63618469,0.00397417
12.66002655,0.00477001
12.68386841,0.00235165
12.70771027,0.00129259
12.73155212,0.00048980
12.75539398,0.00015438
12.77923584,0.00015004
12.80307770,0.00036817
12.82691956,0.00055388
12.85076141,0.00066368
12.87460327,0.00073018
12.89844513,0.00078013
12.92228699,0.00090587
12.94612885,0.00125382
12.96997070,0.00356612
12.99381256,0.00799081
13.01765442,0.00641896
13.04149628,0.00176685
13.06533813,0.00057698
13.08917999,0.00063031
13.11302185,0.00068008
13.13686371,0.00062396
13.16070557,0.00054359
13.18454742,0.00060231
13.20838928,0.00054897
13.23223114,0.00040446
13.25607300,0.00032132
13.27991486,0.00047639
13.30375671,0.00086616
13.32759857,0.00208244
13.35144043,0.00294788
13.37528229,0.00182657
13.39912415,0.00114095
13.42296600,0.00082344
13.44680786,0.00062820
13.47064972,0.00051210
13.49449158,0.00024064
13.51833344,0.00013290
13.54217529,0.00007271
13.56601715,0.00029818
13.58985901,0.00063342
13.61370087,0.00148315
13.63754272,0.00420284
13.66138458,0.00490490
13.68522644,0.00274509
13.70906830,0.00187352
13.73291016,0.00086052
13.75675201,0.00047376
13.78059387,0.00025136
13.80443573,0.00014810
13.82827759,0.00024103
13.85211945,0.00038890
13.87596130,0.00041423
13.89980316,0.00058954
13.92364502,0.00096559
13.94748688,0.00190984
13.97132874,0.00988404
13.99517059,0.02105855
14.01901245,0.01580227
14.04285431,0.00372427
14.06669617,0.00030233
14.09053802,0.00032934
14.11437988,0.00037887
14.13822174,0.00049919
14.16206360,0.00060921
14.18590546,0.00069033
14.20974731,0.00069880
14.23358917,0.00069821
14.25743103,0.00077872
14.28127289,0.00075617
14.30511475,0.00057496
14.32895660,0.00086889
14.35279846,0.00113602
14.37664032,0.00088679
14.40048218,0.00073243
14.42432404,0.00078506
14.44816589,0.00070550
14.47200775,0.00062234
14.49584961,0.00061145
14.51969147,0.00046614
14.54353333,0.00024868
14.56737518,0.00022370
14.59121704,0.00033041
14.61505890,0.00117419
14.63890076,0.00335839
14.66274261,0.00371343
14.68658447,0.00230319
14.71042633,0.00181609
14.73426819,0.00103331
14.75811005,0.00063308
14.78195190,0.00041581
14.80579376,0.00022310
14.82963562,0.00014787
14.85347748,0.00010899
14.87731934,0.00029862
14.90116119,0.00050866
14.92500305,0.00093564
14.94884491,0.00239225
14.97268677,0.01382822
14.99652863,0.02779192
15.02037048,0.01979144
15.04421234,0.00437300
15.06805420,0.00050949
15.09189606,0.00015985
15.11573792,0.00016439
15.13957977,0.00033696
15.16342163,0.00052440
15.18726349,0.00064742
15.21110535,0.00065065
15.23494720,0.00063190
15.25878906,0.00086378
15.28263092,0.00117414
15.30647278,0.00147281
15.33031464,0.00089514
15.35415649,0.00072414
15.37799835,0.00041031
15.40184021,0.00033332
15.42568207,0.00046376
15.44952393,0.00053242
15.47336578,0.00058325
15.49720764,0.00064750
15.52104950,0.00059710
15.54489136,0.00058655
15.56873322,0.00054614
15.59257507,0.00041437
15.61641693,0.00060207
15.64025879,0.00158305
15.66410065,0.00175757
15.68794250,0.00165417
15.71178436,0.00143798
15.73562622,0.00100089
15.75946808,0.00083390
15.78330994,0.00071668
15.80715179,0.00056304
15.83099365,0.00040237
15.85483551,0.00017685
15.87867737,0.00009515
15.90251923,0.00023409
15.92636108,0.00061228
15.95020294,0.00218378
15.97404480,0.01418992
15.99788666,0.02704328
16.02172852,0.01825451
16.04557037,0.00378843
16.06941223,0.00090715
16.09325409,0.00051801
16.11709595,0.00021760
16.14093781,0.00005332
16.16477966,0.00009806
16.18862152,0.00029070
16.21246338,0.00047226
16.23630524,0.00073757
16.26014709,0.00113817
16.28398895,0.00181513
16.30783081,0.00241251
16.33167267,0.00229967
16.35551453,0.00239052
16.37935638,0.00106966
16.40319824,0.00028966
16.42704010,0.00024946
16.45088196,0.00037623
16.47472382,0.00049721
16.49856567,0.00058133
16.52240753,0.00064694
16.54624939,0.00065698
16.57009125,0.00063472
16.59393311,0.00064251
16.61777496,0.00075751
16.64161682,0.00085432
16.66545868,0.00075766
16.68930054,0.00064379
16.71314240,0.00066105
16.73698425,0.00069202
16.76082611,0.00071996
16.78466797,0.00064682
16.80850983,0.00060486
16.83235168,0.00058283
16.85619354,0.00041571
16.88003540,0.00037469
16.90387726,0.00034874
16.92771912,0.00031722
16.95156097,0.00159883
16.97540283,0.01121935
16.99924469,0.02009898
17.02308655,0.01282065
17.04692841,0.00256621
17.07077026,0.00094656
17.09461212,0.00070766
17.11845398,0.00058680
17.14229584,0.00039566
17.16613770,0.00021409
17.18997955,0.00019864
17.21382141,0.00032188
17.23766327,0.00055298
17.26150513,0.00093615
17.28534698,0.00183404
17.30918884,0.00252543
17.33303070,0.00307637
17.35687256,0.00339399
17.38071442,0.00161883
17.40455627,0.00057814
17.42839813,0.00021309
17.45223999,0.00014767
17.47608185,0.00023889
17.49992371,0.00037330
17.52376556,0.00041667
17.54760742,0.00053789
17.57144928,0.00078511
17.59529114,0.00103608
17.61913300,0.00165777
17.64297485,0.00324627
17.66681671,0.00300976
17.69065857,0.00094653
17.71450043,0.00023402
17.73834229,0.00035448
17.76218414,0.00044005
17.78602600,0.00049425
17.80986786,0.00056968
17.83370972,0.00057869
17.85755157,0.00051889
17.88139343,0.00057511
17.90523529,0.00054298
17.92907715,0.00036456
17.95291901,0.00082841
17.97676086,0.00559271
18.00060272,0.00928767
18.02444458,0.00562058
18.04828644,0.00138911
18.07212830,0.00099342
18.09597015,0.00074531
18.11981201,0.00047283
18.14365387,0.00041052
18.16749573,0.00036704
18.19133759,0.00030928
18.21517944,0.00018598
18.23902130,0.00021588
18.26286316,0.00064851
18.28670502,0.00153592
18.31054688,0.00219037
18.33438873,0.00323899
18.35823059,0.00345216
18.38207245,0.00163557
18.40591431,0.00096856
18.42975616,0.00056690
18.45359802,0.00035238
18.47743988,0.00023176
18.50128174,0.00019850
18.52512360,0.00034200
18.54896545,0.00059851
18.57280731,0.00082934
18.59664917,0.00103181
18.62049103,0.00227543
18.64433289,0.00481730
18.66817474,0.00415837
18.69201660,0.00162346
18.71585846,0.00087323
18.73970032,0.00027561
18.76354218,0.00022767
18.78738403,0.00036822
18.81122589,0.00044888
18.83506775,0.00059365
18.85890961,0.00068678
18.88275146,0.00070158
18.90659332,0.00076811
18.93043518,0.00085352
18.95427704,0.00103391
18.97811890,0.00181423
19.00196075,0.00280308
19.02580261,0.00158614
19.04964447,0.00064964
19.07348633,0.00063090
19.09732819,0.00068492
19.12117004,0.00068532
19.14501190,0.00067083
19.16885376,0.00058159
19.19269562,0.00048955
19.21653748,0.00040363
19.24037933,0.00020328
19.26422119,0.00017349
19.28806305,0.00077820
19.31190491,0.00130210
19.33574677,0.00259844
19.35958862,0.00269288
19.38343048,0.00143542
19.40727234,0.00094843
19.43111420,0.00066220
19.45495605,0.00043115
19.47879791,0.00033603
19.50263977,0.00022050
19.52648163,0.00018513
19.55032349,0.00031533
19.57416534,0.00047433
19.59800720,0.00079806
19.62184906,0.00242719
19.64569092,0.00535984
19.66953278,0.00452903
19.69337463,0.00218797
19.71721649,0.00128935
19.74105835,0.00061894
19.76490021,0.00024582
19.78874207,0.00012467
19.81258392,0.00019757
19.83642578,0.00035726
19.86026764,0.00053221
19.88410950,0.00064566
19.90795135,0.00081001
19.93179321,0.00105839
19.95563507,0.00217339
19.97947693,0.00845160
20.00331879,0.01280735
20.02716064,0.00683940
20.05100250,0.00105927
20.07484436,0.00023901
20.09868622,0.00029809
20.12252808,0.00048769
20.14636993,0.00064923
20.17021179,0.00071967
20.19405365,0.00075280
20.21789551,0.00064094
20.24173737,0.00056713
20.26557922,0.00064454
20.28942108,0.00041554
20.31326294,0.00058726
20.33710480,0.00142299
20.36094666,0.00132415
20.38478851,0.00095050
20.40863037,0.00086346
20.43247223,0.00066549
20.45631409,0.00059427
20.48015594,0.00058045
20.50399780,0.00041284
20.52783966,0.00030148
20.55168152,0.00021492
20.57552338,0.00018443
20.59936523,0.00054087
20.62320709,0.00230142
20.64704895,0.00479983
20.67089081,0.00380891
20.69473267,0.00222217
20.71857452,0.00144044
20.74241638,0.00087189
20.76625824,0.00050316
20.79010010,0.00030597
20.81394196,0.00019870
20.83778381,0.00008383
20.86162567,0.00018746
20.88546753,0.00043093
20.90930939,0.00070300
20.93315125,0.00110092
20.95699310,0.00325293
20.98083496,0.01319614
21.00467682,0.01864316
21.02851868,0.00934893
21.05236053,0.00142603
21.07620239,0.00032899
21.10004425,0.00017498
21.12388611,0.00028539
21.14772797,0.00041894
21.17156982,0.00040903
21.19541168,0.00047103
21.21925354,0.00069111
21.24309540,0.00079608
21.26693726,0.00086841
21.29077911,0.00120096
21.31462097,0.00124568
21.33846283,0.00050284
21.36230469,0.00034878
21.38614655,0.00054783
21.40998840,0.00066080
21.43383026,0.00064405
21.45767212,0.00060338
21.48151398,0.00059362
21.50535583,0.00061612
21.52919769,0.00053385
21.55303955,0.00045008
21.57688141,0.00039557
21.60072327,0.00033455
21.62456512,0.00123329
21.64840698,0.00256826
21.67224884,0.00210192
21.69609070,0.00182320
21.71993256,0.00142838
21.74377441,0.00110823
21.76761627,0.00077409
21.79145813,0.00064338
21.81529999,0.00052392
21.83914185,0.00028433
21.86298370,0.00020464
21.88682556,0.00025576
21.91066742,0.00040345
21.93450928,0.00093323
21.95835114,0.00356240
21.98219299,0.01464591
22.00603485,0.01962405
22.02987671,0.00939540
22.05371857,0.00161816
22.07756042,0.00061744
22.10140228,0.00025753
22.12524414,0.00011309
22.14908600,0.00007070
22.17292786,0.00021114
22.19676971,0.00044822
22.22061157,0.00060546
22.24445343,0.00081284
22.26829529,0.00118731
22.29213715,0.00210138
22.31597900,0.00231111
22.33982086,0.00205994
22.36366272,0.00159179
22.38750458,0.00048785
22.41134644,0.00019316
22.43518829,0.00029345
22.45903015,0.00046643
22.48287201,0.00059140
22.50671387,0.00065773
22.53055573,0.00063100
22.55439758,0.00054578
22.57823944,0.00059894
22.60208130,0.00059652
22.62592316,0.00042236
22.64976501,0.00017270
22.67360687,0.00067790
22.69744873,0.00099224
22.72129059,0.00086782
22.74513245,0.00070335
22.76897430,0.00064096
22.79281616,0.00061662
22.81665802,0.00054114
22.84049988,0.00047995
22.86434174,0.00048369
22.88818359,0.00042093
22.91202545,0.00029010
22.93586731,0.00049206
22.95970917,0.00304232
22.98355103,0.01251835
23.00739288,0.01584695
23.03123474,0.00718163
23.05507660,0.00139905
23.07891846,0.00075889
23.10276031,0.00067088
23.12660217,0.00049057
23.15044403,0.00027138
23.17428589,0.00019433
23.19812775,0.00036141
23.22196960,0.00055172
23.24581146,0.00071156
23.26965332,0.00111160
23.29349518,0.00218737
23.31733704,0.00244845
23.34117889,0.00312106
23.36502075,0.00261216
23.38886261,0.00100500
23.41270447,0.00033123
23.43654633,0.00010568
23.46038818,0.00016596
23.48423004,0.00032196
23.50807190,0.00039586
23.53191376,0.00053922
23.55575562,0.00067581
23.57959747,0.00080569
23.60343933,0.00105126
23.62728119,0.00206541
23.65112305,0.00317655
23.67496490,0.00205514
23.69880676,0.00027890
23.72264862,0.00032409
23.74649048,0.00047553
23.77033234,0.00059207
23.79417419,0.00059899
23.81801605,0.00057570
23.84185791,0.00061544
23.86569977,0.00061608
23.88954163,0.00062986
23.91338348,0.00045427
23.93722534,0.00018753
23.96106720,0.00192544
23.98490906,0.00724257
24.00875092,0.00858971
24.03259277,0.00379418
24.05643463,0.00108412
24.08027649,0.00081454
24.10411835,0.00079173
24.12796021,0.00059484
24.15180206,0.00036337
24.17564392,0.00028889
24.19948578,0.00015145
24.22332764,0.00006173
24.24716949,0.00030180
24.27101135,0.00095850
24.29485321,0.00212109
24.31869507,0.00246992
24.34253693,0.00354261
24.36637878,0.00285557
24.39022064,0.00123972
24.41406250,0.00065635
24.43790436,0.00047036
24.46174622,0.00023481
24.48558807,0.00008747
24.50942993,0.00021558
24.53327179,0.00043944
24.55711365,0.00070134
24.58095551,0.00087278
24.60479736,0.00119048
24.62863922,0.00310121
24.65248108,0.00513174
24.67632294,0.00325832
24.70016479,0.00115093
24.72400665,0.00048151
24.74784851,0.00020133
24.77169037,0.00034907
24.79553223,0.00049067
24.81937408,0.00055983
24.84321594,0.00063458
24.86705780,0.00058460
24.89089966,0.00047907
24.91474152,0.00056324
24.93858337,0.00074475
24.96242523,0.00089913
24.98626709,0.00057316
25.01010895,0.00027387
25.03395081,0.00067774
25.05779266,0.00070184
25.08163452,0.00075626
25.10547638,0.00080978
25.12931824,0.00067562
25.15316010,0.00054155
25.17700195,0.00059814
25.20084381,0.00051965
25.22468567,0.00041108
25.24852753,0.00029386
25.27236938,0.00053807
25.29621124,0.00130899
25.32005310,0.00191382
25.34389496,0.00311915
25.36773682,0.00244593
25.39157867,0.00131348
25.41542053,0.00082940
25.43926239,0.00056776
25.46310425,0.00046776
25.48694611,0.00031170
25.51078796,0.00019122
25.53462982,0.00020931
25.55847168,0.00035010
25.58231354,0.00063293
25.60615540,0.00126444
25.62999725,0.00388513
25.65383911,0.00620703
25.67768097,0.00380107
25.70152283,0.00167843
25.72536469,0.00076964
25.74920654,0.00042531
25.77304840,0.00013356
25.79689026,0.00004408
25.82073212,0.00016531
25.84457397,0.00044171
25.86841583,0.00060406
25.89225769,0.00074862
25.91609955,0.00103494
25.93994141,0.00134382
25.96378326,0.00259798
25.98762512,0.00689363
26.01146698,0.00728769
26.03530884,0.00264417
26.05915070,0.00036735
26.08299255,0.00038674
26.10683441,0.00047144
26.13067627,0.00046886
26.15451813,0.00053584
26.17835999,0.00056099
26.20220184,0.00056986
26.22604370,0.00059748
26.24988556,0.00045694
26.27372742,0.00034932
26.29756927,0.00014053
26.32141113,0.00101608
26.34525299,0.00197825
26.36909485,0.00156533
26.39293671,0.00095561
26.41677856,0.00093224
26.44062042,0.00083337
26.46446228,0.00053786
26.48830414,0.00038338
26.51214600,0.00033391
26.53598785,0.00018825
26.55982971,0.00016562
26.58367157,0.00037434
26.60751343,0.00097394
26.63135529,0.00362655
26.65519714,0.00550317
26.67903900,0.00325805
26.70288086,0.00206371
26.72672272,0.00125398
26.75056458,0.00086716
26.77440643,0.00045552
26.79824829,0.00017640
26.82209015,0.00012679
26.84593201,0.00015829
26.86977386,0.00032265
26.89361572,0.00056134
26.91745758,0.00087604
26.94129944,0.00139435
26.96514130,0.00423064
26.98898315,0.01200404
27.01282501,0.01207541
27.03666687,0.00415394
27.06050873,0.00049843
27.08435059,0.00022181
27.10819244,0.00031319
27.13203430,0.00039628
27.15587616,0.00041221
27.17971802,0.00060373
27.20355988,0.00071748
27.22740173,0.00062895
27.25124359,0.00070450
27.27508545,0.00094336
27.29892731,0.00127100
27.32276917,0.00105144
27.34661102,0.00032918
27.37045288,0.00035178
27.39429474,0.00054125
27.41813660,0.00062963
27.44197845,0.00063048
27.46582031,0.00066718
27.48966217,0.00067253
27.51350403,0.00053858
27.53734589,0.00056511
27.56118774,0.00045061
27.58502960,0.00021717
27.60887146,0.00057730
27.63271332,0.00242388
27.65655518,0.00360467
27.68039703,0.00233395
27.70423889,0.00177743
27.72808075,0.00115397
27.75192261,0.00081459
27.77576447,0.00056155
27.79960632,0.00048393
27.82344818,0.00041952
27.84729004,0.00023840
27.87113190,0.00019693
27.89497375,0.00033504
27.91881561,0.00066668
27.94265747,0.00130343
27.96649933,0.00526502
27.99034119,0.01426775
28.01418304,0.01354934
28.03802490,0.00446005
28.06186676,0.00090634
28.08570862,0.00049487
28.10955048,0.00028254
28.13339233,0.00017414
28.15723419,0.00030286
28.18107605,0.00037948
28.20491791,0.00056185
28.22875977,0.00072096
28.25260162,0.00090263
28.27644348,0.00137210
28.30028534,0.00214259
28.32412720,0.00177372
28.34796906,0.00155490
28.37181091,0.00091873
28.39565277,0.00031462
28.41949463,0.00042806
28.44333649,0.00050436
28.46717834,0.00050920
28.49102020,0.00059359
28.51486206,0.00063947
28.53870392,0.00067740
28.56254578,0.00066592
28.58638763,0.00059210
28.61022949,0.00054786
28.63407135,0.00047739
28.65791321,0.00058027
28.68175507,0.00093676
28.70559692,0.00105504
28.72943878,0.00093735
28.75328064,0.00084417
28.77712250,0.00065678
28.80096436,0.00052306
28.82480621,0.00036707
28.84864807,0.00039449
28.87248993,0.00042460
28.89633179,0.00035850
28.92017365,0.00042387
28.94401550,0.00085371
28.96785736,0.00482661
28.99169922,0.01280251
29.01554108,0.01154220
29.03938293,0.00358865
29.06322479,0.00104830
29.08706665,0.00068465
29.11090851,0.00039058
29.13475037,0.00025823
29.15859222,0.00016292
29.18243408,0.00023859
29.20627594,0.00046222
29.23011780,0.00065171
29.25395966,0.00095322
29.27780151,0.00165563
29.30164337,0.00270928
29.32548523,0.00245854
29.34932709,0.00283087
29.37316895,0.00174617
29.39701080,0.00058951
29.42085266,0.00025909
29.44469452,0.00018376
29.46853638,0.00024016
29.49237823,0.00031466
29.51622009,0.00044409
29.54006195,0.00053780
29.56390381,0.00063338
29.58774567,0.00081672
29.61158752,0.00113014
29.63542938,0.00217962
29.65927124,0.00265538
29.68311310,0.00126221
29.70695496,0.00024479
29.73079681,0.00060463
29.75463867,0.00063390
29.77848053,0.00063499
29.80232239,0.00068557
29.82616425,0.00064060
29.85000610,0.00055245
29.87384796,0.00049643
29.89768982,0.00030397
29.92153168,0.00021782
29.94537354,0.00021143
29.96921539,0.00348112
29.99305725,0.00843355
30.01689911,0.00722485
30.04074097,0.00232278
30.06458282,0.00111346
30.08842468,0.00089882
30.11226654,0.00057743
30.13610840,0.00032090
30.15995026,0.00034157
30.18379211,0.00030992
30.20763397,0.00019870
30.23147583,0.00029669
30.25531769,0.00068161
30.27915955,0.00150633
30.30300140,0.00253473
30.32684326,0.00271379
30.35068512,0.00340918
30.37452698,0.00197680
30.39836884,0.00081930
30.42221069,0.00043119
30.44605255,0.00028064
30.46989441,0.00017350
30.49373627,0.00028172
30.51757813,0.00046652
30.54141998,0.00072380
30.56526184,0.00082123
30.58910370,0.00097863
30.61294556,0.00166146
30.63678741,0.00414282
30.66062927,0.00491964
30.68447113,0.00211570
30.70831299,0.00057422
30.73215485,0.00020202
30.75599670,0.00027012
30.77983856,0.00038144
30.80368042,0.00047211
30.82752228,0.00055953
30.85136414,0.00065862
30.87520599,0.00063614
30.89904785,0.00060313
30.92288971,0.00066129
30.94673157,0.00064299
30.97057343,0.00105535
30.99441528,0.00194460
31.01825714,0.00167417
31.04209900,0.00097769
31.06594086,0.00083441
31.08978271,0.00070968
31.11362457,0.00065606
31.13746643,0.00062250
31.16130829,0.00055919
31.18515015,0.00041190
31.20899200,0.00028331
31.23283386,0.00015163
31.25667572,0.00023762
31.28051758,0.00093784
31.30435944,0.00176276
31.32820129,0.00242334
31.35204315,0.00314173
31.37588501,0.00190363
31.39972687,0.00111219
31.42356873,0.00074265
31.44741058,0.00052633
31.47125244,0.00027632
31.49509430,0.00012536
31.51893616,0.00014534
31.54277802,0.00032371
31.56661987,0.00055708
31.59046173,0.00089365
31.61430359,0.00195463
31.63814545,0.00540555
31.66198730,0.00628332
31.68582916,0.00285842
31.70967102,0.00124325
31.73351288,0.00054476
31.75735474,0.00025158
31.78119659,0.00018328
31.80503845,0.00030429
31.82888031,0.00044666
31.85272217,0.00052256
31.87656403,0.00062854
31.90040588,0.00095313
31.92424774,0.00111739
31.94808960,0.00134583
31.97193146,0.00244090
31.99577332,0.00477219
32.01961517,0.00358841
32.04345703,0.00090308
32.06729889,0.00036969
32.09114075,0.00051171
32.11498260,0.00055731
32.13882446,0.00063296
32.16266632,0.00068302
32.18650818,0.00063128
32.21035004,0.00044796
32.23419189,0.00043842
32.25803375,0.00039978
32.28187561,0.00029373
32.30571747,0.00058531
32.32955933,0.00159364
32.35340118,0.00209981
32.37724304,0.00135953
32.40108490,0.00100554
32.42492676,0.00075497
32.44876862,0.00062981
32.47261047,0.00049709
32.49645233,0.00040076
32.52029419,0.00028856
32.54413605,0.00012084
32.56797791,0.00018947
32.59181976,0.00051461
32.61566162,0.00180465
32.63950348,0.00534921
32.66334534,0.00589940
32.68718719,0.00280659
32.71102905,0.00175866
32.73487091,0.00096295
32.75871277,0.00050936
32.78255463,0.00024262
32.80639648,0.00013338
32.83023834,0.00018681
32.85408020,0.00035666
32.87792206,0.00046247
32.90176392,0.00063612
32.92560577,0.00098390
32.94944763,0.00173029
32.97328949,0.00494399
32.99713135,0.00988476
33.02097321,0.00708045
33.04481506,0.00164238
33.06865692,0.00024407
33.09249878,0.00022336
33.11634064,0.00037246
33.14018250,0.00053017
33.16402435,0.00054336
33.18786621,0.00044899
33.21170807,0.00065656
33.23554993,0.00086571
33.25939178,0.00086998
33.28323364,0.00085287
33.30707550,0.00081178
33.33091736,0.00066564
33.35475922,0.00064247
33.37860107,0.00071557
33.40244293,0.00066861
33.42628479,0.00065316
33.45012665,0.00060128
33.47396851,0.00053440
33.49781036,0.00054980
33.52165222,0.00046741
33.54549408,0.00039962
33.56933594,0.00036898
33.59317780,0.00046420
33.61701965,0.00147649
33.64086151,0.00400350
33.66470337,0.00416702
33.68854523,0.00224365
33.71238708,0.00158544
33.73622894,0.00104538
33.76007080,0.00074160
33.78391266,0.00061007
33.80775452,0.00039501
33.83159637,0.00017640
33.85543823,0.00013369
33.87928009,0.00030822
33.90312195,0.00061421
33.92696381,0.00095552
33.95080566,0.00182669
33.97464752,0.00670257
33.99848938,0.01273414
34.02233124,0.00872600
34.04617310,0.00212961
34.07001495,0.00067638
34.09385681,0.00037717
34.11769867,0.00019067
34.14154053,0.00017719
34.16538239,0.00030807
34.18922424,0.00048308
34.21306610,0.00065577
34.23690796,0.00082722
34.26074982,0.00097114
34.28459167,0.00149123
34.30843353,0.00200222
34.33227539,0.00126511
34.35611725,0.00088815
34.37995911,0.00042723
34.40380096,0.00037544
34.42764282,0.00056617
34.45148468,0.00063906
34.47532654,0.00062734
34.49916840,0.00054689
34.52301025,0.00050304
34.54685211,0.00052681
34.57069397,0.00052190
34.59453583,0.00046329
34.61837769,0.00060305
34.64221954,0.00129215
34.66606140,0.00133850
34.68990326,0.00136410
34.71374512,0.00120899
34.73758698,0.00082331
34.76142883,0.00071821
34.78527069,0.00065100
34.80911255,0.00047197
34.83295441,0.00033826
34.85679626,0.00031581
34.88063812,0.00029857
34.90447998,0.00031406
34.92832184,0.00061663
34.95216370,0.00148236
34.97600555,0.00674854
34.99984741,0.01207841
35.02368927,0.00779421
35.04753113,0.00188821
35.07137299,0.00071857
35.09521484,0.00051244
35.11905670,0.00036215
35.14289856,0.00016840
35.16674042,0.00015736
35.19058228,0.00033312
35.21442413,0.00057170
35.23826599,0.00079753
35.26210785,0.00107282
35.28594971,0.00198974
35.30979156,0.00270373
35.33363342,0.00231165
35.35747528,0.00228109
35.38131714,0.00103073
35.40515900,0.00037181
35.42900085,0.00013884
35.45284271,0.00019930
35.47668457,0.00039797
35.50052643,0.00049568
35.52436829,0.00052042
35.54821014,0.00064910
35.57205200,0.00074858
35.59589386,0.00076838
35.61973572,0.00108140
35.64357758,0.00189708
35.66741943,0.00175573
35.69126129,0.00065684
35.71510315,0.00050466
35.73894501,0.00067001
35.76278687,0.00072988
35.78662872,0.00065175
35.81047058,0.00062151
35.83431244,0.00054658
35.85815430,0.00056377
35.88199615,0.00048237
35.90583801,0.00027405
35.92967987,0.00019017
35.95352173,0.00086510
35.97736359,0.00516298
36.00120544,0.00869367
36.02504730,0.00542258
36.04888916,0.00154664
36.07273102,0.00101067
36.09657288,0.00081295
36.12041473,0.00062103
36.14425659,0.00042535
36.16809845,0.00024454
36.19194031,0.00008825
36.21578217,0.00011091
36.23962402,0.00041277
36.26346588,0.00091805
36.28730774,0.00200286
36.31114960,0.00271495
36.33499146,0.00292246
36.35883331,0.00303844
36.38267517,0.00144584
36.40651703,0.00068350
36.43035889,0.00031082
36.45420074,0.00013606
36.47804260,0.00019010
36.50188446,0.00033740
36.52572632,0.00049230
36.54956818,0.00068077
36.57341003,0.00088178
36.59725189,0.00115636
36.62109375,0.00214273
36.64493561,0.00464040
36.66877747,0.00415922
36.69261932,0.00131527
36.71646118,0.00033195
36.74030304,0.00016211
36.76414490,0.00038223
36.78798676,0.00051925
36.81182861,0.00054870
36.83567047,0.00053634
36.85951233,0.00057819
36.88335419,0.00061741
36.90719604,0.00055814
36.93103790,0.00057605
36.95487976,0.00052368
36.97872162,0.00201088
37.00256348,0.00312242
37.02640533,0.00192965
37.05024719,0.00082244
37.07408905,0.00080716
37.09793091,0.00079199
37.12177277,0.00061691
37.14561462,0.00047978
37.16945648,0.00043299
37.19329834,0.00037381
37.21714020,0.00028816
37.24098206,0.00029530
37.26482391,0.00062105
37.28866577,0.00145985
37.31250763,0.00202611
37.33634949,0.00288917
37.36019135,0.00295000
37.38403320,0.00150704
37.40787506,0.00082794
37.43171692,0.00055747
37.45555878,0.00041118
37.47940063,0.00022006
37.50324249,0.00014176
37.52708435,0.00027401
37.55092621,0.00048006
37.57476807,0.00061829
37.59860992,0.00104432
37.62245178,0.00313468
37.64629364,0.00682566
37.67013550,0.00567375
37.69397736,0.00198334
37.71781921,0.00095452
37.74166107,0.00044110
37.76550293,0.00019763
37.78934479,0.00021230
37.81318665,0.00031563
37.83702850,0.00051483
37.86087036,0.00059788
37.88471222,0.00068291
37.90855408,0.00087291
37.93239594,0.00104536
37.95623779,0.00134153
37.98007965,0.00192846
38.00392151,0.00268631
38.02776337,0.00147550
38.05160522,0.00058080
38.07544708,0.00054546
38.09928894,0.00049328
38.12313080,0.00049496
38.14697266,0.00057066
38.17081451,0.00055935
38.19465637,0.00062054
38.21849823,0.00055951
38.24234009,0.00037383
38.26618195,0.00032084
38.29002380,0.00072447
38.31386566,0.00113042
38.33770752,0.00214750
38.36154938,0.00219606
38.38539124,0.00132085
38.40923309,0.00085651
38.43307495,0.00068164
38.45691681,0.00061219
38.48075867,0.00046628
38.50460052,0.00027768
38.52844238,0.00012360
38.55228424,0.00019936
38.57612610,0.00043809
38.59996796,0.00089968
38.62380981,0.00325758
38.64765167,0.00700365
38.67149353,0.00551984
38.69533539,0.00222505
38.71917725,0.00124451
38.74301910,0.00066581
38.76686096,0.00030011
38.79070282,0.00014328
38.81454468,0.00016018
38.83838654,0.00030966
38.86222839,0.00037301
38.88607025,0.00055266
38.90991211,0.00084909
38.93375397,0.00112568
38.95759583,0.00193645
38.98143768,0.00528672
39.00527954,0.00755897
39.02912140,0.00381777
39.05296326,0.00058649
39.07680511,0.00014048
39.10064697,0.00028684
39.12448883,0.00052957
39.14833069,0.00054359
39.17217255,0.00049392
39.19601440,0.00056210
39.21985626,0.00061232
39.24369812,0.00064046
39.26753998,0.00063430
39.29138184,0.00063777
39.31522369,0.00070235
39.33906555,0.00091645
39.36290741,0.00087597
39.38674927,0.00079647
39.41059113,0.00083275
39.43443298,0.00075633
39.45827484,0.00069863
39.48211670,0.00057416
39.50595856,0.00039303
39.52980042,0.00036801
39.55364227,0.00031401
39.57748413,0.00026923
39.60132599,0.00060489
39.62516785,0.00273902
39.64900970,0.00564868
39.67285156,0.00430103
39.69669342,0.00215797
39.72053528,0.00135110
39.74437714,0.00082633
39.76821899,0.00060619
39.79206085,0.00050009
39.81590271,0.00039119
39.83974457,0.00027785
39.86358643,0.00034252
39.88742828,0.00049608
39.91127014,0.00077715
39.93511200,0.00123439
39.95895386,0.00251298
39.98279572,0.00769803
40.00663757,0.01026289
40.03047943,0.00493359
40.05432129,0.00101660
40.07816315,0.00046113
40.10200500,0.00029324
40.12584686,0.00033560
40.14968872,0.00045402
40.17353058,0.00055890
40.19737244,0.00061784
40.22121429,0.00066718
40.24505615,0.00079576
40.26889801,0.00112679
40.29273987,0.00176534
40.31658173,0.00171834
40.34042358,0.00078929
40.36426544,0.00046369
40.38810730,0.00034135
40.41194916,0.00041040
40.43579102,0.00052535
40.45963287,0.00055623
40.48347473,0.00057869
40.50731659,0.00060032
40.53115845,0.00061174
40.55500031,0.00050420
40.57884216,0.00041779
40.60268402,0.00038493
40.62652588,0.00130672
40.65036774,0.00262140
40.67420959,0.00197212
40.69805145,0.00151045
40.72189331,0.00114698
40.74573517,0.00086573
40.76957703,0.00068757
40.79341888,0.00055883
40.81726074,0.00031850
40.84110260,0.00024340
40.86494446,0.00022417
40.88878632,0.00013087
40.91262817,0.00025945
40.93647003,0.00082217
40.96031189,0.00235078
40.98415375,0.00818681
41.00799561,0.01042693
41.03183746,0.00480613
41.05567932,0.00102947
41.07952118,0.00060424
41.10336304,0.00037538
41.12720490,0.00015626
41.15104675,0.00007343
41.17488861,0.00018690
41.19873047,0.00044494
41.22257233,0.00068348
41.24641418,0.00095268
41.27025604,0.00143424
41.29409790,0.00251534
41.31793976,0.00253454
41.34178162,0.00218726
41.36562347,0.00169446
41.38946533,0.00054430
41.41330719,0.00015253
41.43714905,0.00020609
41.46099091,0.00039101
41.48483276,0.00056561
41.50867462,0.00063531
41.53251648,0.00064323
41.55635834,0.00080966
41.58020020,0.00087422
41.60404205,0.00092870
41.62788391,0.00103343
41.65172577,0.00115779
41.67556763,0.00092065
41.69940948,0.00070518
41.72325134,0.00071271
41.74709320,0.00066379
41.77093506,0.00068381
41.79477692,0.00064384
41.81861877,0.00057488
41.84246063,0.00054299
41.86630249,0.00045184
41.89014435,0.00030437
41.91398621,0.00020927
41.93782806,0.00044556
41.96166992,0.00183168
41.98551178,0.00665232
42.00935364,0.00792962
42.03319550,0.00354742
42.05703735,0.00114261
42.08087921,0.00083588
42.10472107,0.00064944
42.12856293,0.00039436
42.15240479,0.00017063
42.17624664,0.00005213
42.20008850,0.00018158
42.22393036,0.00039290
42.24777222,0.00068741
42.27161407,0.00124727
42.29545593,0.00251033
42.31929779,0.00265298
42.34313965,0.00292936
42.36698151,0.00221166
42.39082336,0.00083179
42.41466522,0.00042292
42.43850708,0.00022071
42.46234894,0.00026098
42.48619080,0.00036692
42.51003265,0.00040604
42.53387451,0.00048291
42.55771637,0.00067411
42.58155823,0.00083422
42.60540009,0.00120290
42.62924194,0.00302067
42.65308380,0.00488348
42.67692566,0.00310697
42.70076752,0.00050746
42.72460938,0.00029462
42.74845123,0.00042192
42.77229309,0.00050601
42.79613495,0.00064822
42.81997681,0.00064978
42.84381866,0.00066024
42.86766052,0.00066417
42.89150238,0.00059550
42.91534424,0.00055482
42.93918610,0.00038208
42.96302795,0.00092809
42.98686981,0.00337869
43.01071167,0.00378149
43.03455353,0.00177684
43.05839539,0.00100371
43.08223724,0.00081595
43.10607910,0.00061515
43.12992096,0.00057516
43.15376282,0.00059657
43.17760468,0.00047915
43.20144653,0.00031160
43.22528839,0.00017495
43.24913025,0.00028678
43.27297211,0.00088319
43.29681396,0.00219978
43.32065582,0.00245161
43.34449768,0.00303724
43.36833954,0.00227882
43.39218140,0.00102120
43.41602325,0.00063168
43.43986511,0.00046736
43.46370697,0.00029969
43.48754883,0.00019083
43.51139069,0.00023105
43.53523254,0.00039720
43.55907440,0.00059037
43.58291626,0.00088221
43.60675812,0.00146456
43.63059998,0.00461425
43.65444183,0.00749756
43.67828369,0.00453644
43.70212555,0.00131046
43.72596741,0.00053703
43.74980927,0.00018499
43.77365112,0.00020889
43.79749298,0.00040568
43.82133484,0.00058873
43.84517670,0.00056995
43.86901855,0.00053979
43.89286041,0.00076513
43.91670227,0.00096019
43.94054413,0.00110302
43.96438599,0.00109781
43.98822784,0.00101394
44.01206970,0.00098398
44.03591156,0.00056953
44.05975342,0.00056368
44.08359528,0.00067895
44.10743713,0.00073244
44.13127899,0.00064358
44.15512085,0.00059766
44.17896271,0.00052388
44.20280457,0.00041827
44.22664642,0.00040238
44.25048828,0.00031275
44.27433014,0.00055066
44.29817200,0.00121048
44.32201385,0.00158301
44.34585571,0.00251385
44.36969757,0.00197280
44.39353943,0.00117261
44.41738129,0.00088008
44.44122314,0.00072161
44.46506500,0.00044972
44.48890686,0.00023598
44.51274872,0.00016604
44.53659058,0.00020126
44.56043243,0.00035852
44.58427429,0.00060363
44.60811615,0.00142914
44.63195801,0.00536474
44.65579987,0.00824275
44.67964172,0.00464867
44.70348358,0.00178159
44.72732544,0.00089094
44.75116730,0.00044899
44.77500916,0.00015333
44.79885101,0.00012953
44.82269287,0.00020389
44.84653473,0.00031920
44.87037659,0.00056197
44.89421844,0.00074783
44.91806030,0.00090662
44.94190216,0.00136975
44.96574402,0.00218281
44.98958588,0.00482056
45.01342773,0.00484986
45.03726959,0.00169092
45.06111145,0.00031687
45.08495331,0.00032291
45.10879517,0.00047354
45.13263702,0.00058164
45.15647888,0.00055742
45.18032074,0.00054708
45.20416260,0.00059083
45.22800446,0.00059448
45.25184631,0.00063264
45.27568817,0.00058330
45.29953003,0.00019694
45.32337189,0.00076097
45.34721375,0.00135126
45.37105560,0.00118851
45.39489746,0.00092447
45.41873932,0.00072885
45.44258118,0.00066159
45.46642303,0.00054635
45.49026489,0.00053924
45.51410675,0.00051134
45.53794861,0.00041476
45.56179047,0.00026279
45.58563232,0.00030230
45.60947418,0.00120801
45.63331604,0.00481666
45.65715790,0.00709741
45.68099976,0.00394990
45.70484161,0.00188315
45.72868347,0.00103830
45.75252533,0.00064756
45.77636719,0.00049153
45.80020905,0.00039120
45.82405090,0.00027049
45.84789276,0.00027440
45.87173462,0.00040643
45.89557648,0.00059679
45.91941833,0.00094658
45.94326019,0.00154446
45.96710205,0.00318785
45.99094391,0.00785802
46.01478577,0.00755123
46.03862762,0.00263862
46.06246948,0.00062210
46.08631134,0.00022729
46.11015320,0.00023021
46.13399506,0.00031739
46.15783691,0.00041196
46.18167877,0.00063347
46.20552063,0.00079257
46.22936249,0.00080461
46.25320435,0.00090389
46.27704620,0.00109568
46.30088806,0.00149627
46.32472992,0.00112667
46.34857178,0.00026705
46.37241364,0.00030661
46.39625549,0.00042013
46.42009735,0.00051754
46.44393921,0.00052033
46.46778107,0.00056979
46.49162292,0.00056307
46.51546478,0.00053546
46.53930664,0.00046794
46.56314850,0.00043092
46.58699036,0.00034823
46.61083221,0.00071806
46.63467407,0.00282396
46.65851593,0.00398006
46.68235779,0.00232244
46.70619965,0.00158053
46.73004150,0.00097481
46.75388336,0.00081315
46.77772522,0.00064582
46.80156708,0.00042367
46.82540894,0.00036372
46.84925079,0.00019638
46.87309265,0.00005867
46.89693451,0.00013353
46.92077637,0.00051193
46.94461823,0.00124267
46.96846008,0.00343525
46.99230194,0.00865614
47.01614380,0.00787523
47.03998566,0.00267763
47.06382751,0.00075484
47.08766937,0.00039847
47.11151123,0.00024239
47.13535309,0.00018548
47.15919495,0.00024796
47.18303680,0.00035183
47.20687866,0.00046436
47.23072052,0.00069024
47.25456238,0.00104250
47.27840424,0.00169422
47.30224609,0.00269105
47.32608795,0.00210908
47.34992981,0.00166466
47.37377167,0.00095523
47.39761353,0.00031734
47.42145538,0.00032185
47.44529724,0.00044458
47.46913910,0.00051136
47.49298096,0.00059575
47.51682281,0.00068985
47.54066467,0.00058844
47.56450653,0.00057431
47.58834839,0.00069729
47.61219025,0.00064184
47.63603210,0.00044483
47.65987396,0.00025243
47.68371582,0.00075878
47.70755768,0.00084300
47.73139954,0.00079071
47.75524139,0.00073879
47.77908325,0.00062544
47.80292511,0.00056002
47.82676697,0.00052942
47.85060883,0.00047570
47.87445068,0.00037519
47.89829254,0.00024050
47.92213440,0.00037996
47.94597626,0.00092424
47.96981812,0.00314689
47.99365997,0.00743563
48.01750183,0.00639360
48.04134369,0.00216740
48.06518555,0.00107131
48.08902740,0.00078229
48.11286926,0.00051831
48.13671112,0.00039719
48.16055298,0.00028688
48.18439484,0.00029787
48.20823669,0.00037305
48.23207855,0.00041604
48.25592041,0.00077550
48.27976227,0.00169689
48.30360413,0.00299213
48.32744598,0.00263789
48.35128784,0.00277298
48.37512970,0.00159859
48.39897156,0.00068585
48.42281342,0.00032774
48.44665527,0.00020027
48.47049713,0.00020670
48.49433899,0.00036609
48.51818085,0.00046948
48.54202271,0.00057897
48.56586456,0.00069862
48.58970642,0.00096529
48.61354828,0.00148101
48.63739014,0.00356174
48.66123199,0.00425043
48.68507385,0.00176923
48.70891571,0.00014404
48.73275757,0.00048826
48.75659943,0.00054069
48.78044128,0.00054037
48.80428314,0.00061055
